"Ano de Exercício","Órgão Vinculação Orçam - Código","Órgão Vinculação Orçam - Nome","Unidade Orçamentária - Código","Unidade Orçamentária - Sigla","Unidade Orçamentária - Nome","Poder Unid Orçamentária - Código","Poder Unid Orçamentária - Desc","Ano Exercício Unidade Orçamentária","Valor Crédito Autorizado"
"2020","1090","MINISTERIO PUBLICO DO ESTADO DE MINAS GERAIS","4441","FUNEMP","FUNDO ESPECIAL DO MINISTERIO PUBLICO DO ESTADO DE MINAS GERAIS","4","MINISTERIO PUBLICO","2020","161000000"
"2020","1480","SECRETARIA DE ESTADO DE DESENVOLVIMENTO SOCIAL","2281","UTRAMIG","FUNDACAO DE EDUCACAO PARA O TRABALHO DE MINAS GERAIS","3","EXECUTIVO","2020","8390561,46"
"2021","1090","MINISTERIO PUBLICO DO ESTADO DE MINAS GERAIS","4441","FUNEMP","FUNDO ESPECIAL DO MINISTERIO PUBLICO DO ESTADO DE MINAS GERAIS","4","MINISTERIO PUBLICO","2021","103000000"
"2021","1500","SECRETARIA DE ESTADO DE PLANEJAMENTO E GESTAO","2061","FJP","FUNDACAO JOAO PINHEIRO","3","EXECUTIVO","2021","63643064,05"
"2021","1220","SECRETARIA DE ESTADO DE DESENVOLVIMENTO ECONOMICO","4531","FIIT","FUNDO DE INCENTIVO A INOVACAO TECNOLOGICA","3","EXECUTIVO","2021","1000"
"2021","1320","SECRETARIA DE ESTADO DE SAUDE","2271","FHEMIG","FUNDACAO HOSPITALAR DO ESTADO DE MINAS GERAIS","3","EXECUTIVO","2021","2113573307,01"
"2022","1500","SECRETARIA DE ESTADO DE PLANEJAMENTO E GESTAO","2061","FJP","FUNDACAO JOAO PINHEIRO","3","EXECUTIVO","2022","69031542,77"
"2023","1480","SECRETARIA DE ESTADO DE DESENVOLVIMENTO SOCIAL","4701","FET-MG","FUNDO ESTADUAL DO TRABALHO DE MINAS GERAIS","3","EXECUTIVO","2023","14263031,96"
"2023","1230","SECRETARIA DE ESTADO DE AGRICULTURA, PECUARIA E ABASTECIMENTO","3051","EPAMIG","EMPRESA DE PESQUISA AGROPECUARIA DE MINAS GERAIS","3","EXECUTIVO","2023","152168631,53"
"2024","1540","ESCOLA DE SAUDE PUBLICA DO ESTADO DE MINAS GERAIS","1541","ESP MG","ESCOLA DE SAUDE PUBLICA DO ESTADO DE MINAS GERAIS","3","EXECUTIVO","2024","22542963"
"2024","1370","SECRETARIA DE ESTADO DE MEIO AMBIENTE E DESENVOLVIMENTO SUSTENTAVEL","2441","ARSAE -MG","AGENCIA REGULADORA DE SERVICOS DE ABASTECIMENTO DE AGUA E DE ESGOTAMENTO SANITARIO DO ESTADO DE MINA","3","EXECUTIVO","2024","18958398"
"2021","1300","SECRETARIA DE ESTADO DE INFRAESTRUTURA E MOBILIDADE","4631","FPP - MG","FUNDO DE PAGAMENTO DE PARCERIAS PUBLICO - PRIVADAS DE MINAS GERAIS","3","EXECUTIVO","2021","363381715,01"
"2021","1480","SECRETARIA DE ESTADO DE DESENVOLVIMENTO SOCIAL","4601","FEI","FUNDO ESTADUAL DOS DIREITOS DO IDOSO","3","EXECUTIVO","2021","2767732"
"2022","1020","TRIBUNAL DE CONTAS DO ESTADO DE MINAS GERAIS","1021","TCEMG","TRIBUNAL DE CONTAS DO ESTADO DE MINAS GERAIS","5","TRIBUNAL DE CONTAS","2022","978154741"
"2022","1480","SECRETARIA DE ESTADO DE DESENVOLVIMENTO SOCIAL","4091","FIA","FUNDO PARA A INFANCIA E A ADOLESCENCIA","3","EXECUTIVO","2022","1939479,96"
"2022","1480","SECRETARIA DE ESTADO DE DESENVOLVIMENTO SOCIAL","4601","FEI","FUNDO ESTADUAL DOS DIREITOS DO IDOSO","3","EXECUTIVO","2022","902985"
"2021","1370","SECRETARIA DE ESTADO DE MEIO AMBIENTE E DESENVOLVIMENTO SUSTENTAVEL","2101","IEF","INSTITUTO ESTADUAL DE FLORESTAS","3","EXECUTIVO","2021","282890497,82"
"2022","1270","SECRETARIA DE ESTADO DE CULTURA E TURISMO","2181","FCS","FUNDACAO CLOVIS SALGADO","3","EXECUTIVO","2022","46443180,07"
"2023","1270","SECRETARIA DE ESTADO DE CULTURA E TURISMO","2201","IEPHA","INSTITUTO ESTADUAL DO PATRIMONIO HISTORICO E ARTISTICO DE MINAS GERAIS","3","EXECUTIVO","2023","30387914,56"
"2023","1190","SECRETARIA DE ESTADO DE FAZENDA","2041","LEMG","LOTERIA DO ESTADO DE MINAS GERAIS","3","EXECUTIVO","2023","9219962"
"2023","1270","SECRETARIA DE ESTADO DE CULTURA E TURISMO","3151","EMC","EMPRESA MINEIRA DE COMUNICACAO","3","EXECUTIVO","2023","24446171,01"
"2024","1400","CORPO DE BOMBEIROS MILITAR DO ESTADO DE MINAS GERAIS","1401","CBMMG","CORPO DE BOMBEIROS MILITAR DO ESTADO DE MINAS GERAIS","3","EXECUTIVO","2024","1660053616,94"
"2024","1370","SECRETARIA DE ESTADO DE MEIO AMBIENTE E DESENVOLVIMENTO SUSTENTAVEL","4341","FHIDRO","FUNDO DE RECUPERACAO, PROTECAO E DESENVOLVIMENTO SUSTENTAVEL DAS BACIAS HIDROGRAFICAS DO ESTADO DE M","3","EXECUTIVO","2024","50686707"
"2024","1480","SECRETARIA DE ESTADO DE DESENVOLVIMENTO SOCIAL","4091","FIA","FUNDO PARA A INFANCIA E A ADOLESCENCIA","3","EXECUTIVO","2024","5021000"
"2024","1260","SECRETARIA DE ESTADO DE EDUCACAO","2161","FUCAM","FUNDACAO EDUCACIONAL CAIO MARTINS","3","EXECUTIVO","2024","24250929,3"
"2020","1100","OUVIDORIA-GERAL DO ESTADO DE MINAS GERAIS","1101","OGE","OUVIDORIA-GERAL DO ESTADO DE MINAS GERAIS","3","EXECUTIVO","2020","8866593"
"2020","1190","SECRETARIA DE ESTADO DE FAZENDA","4671","FIIMG","FUNDO DE INVESTIMENTOS IMOBILIARIOS DE MINAS GERAIS","3","EXECUTIVO","2020","1000"
"2020","1370","SECRETARIA DE ESTADO DE MEIO AMBIENTE E DESENVOLVIMENTO SUSTENTAVEL","4341","FHIDRO","FUNDO DE RECUPERACAO, PROTECAO E DESENVOLVIMENTO SUSTENTAVEL DAS BACIAS HIDROGRAFICAS DO ESTADO DE M","3","EXECUTIVO","2020","27178383"
"2020","1910","ENCARGOS GERAIS DO ESTADO - SECRETARIA DE ESTADO DE FAZENDA","1916","GDPE - SEF","GESTAO DA DIVIDA PUBLICA ESTADUAL","3","EXECUTIVO","2020","10705161701,49"
"2022","1090","MINISTERIO PUBLICO DO ESTADO DE MINAS GERAIS","4441","FUNEMP","FUNDO ESPECIAL DO MINISTERIO PUBLICO DO ESTADO DE MINAS GERAIS","4","MINISTERIO PUBLICO","2022","108000000"
"2022","1910","ENCARGOS GERAIS DO ESTADO - SECRETARIA DE ESTADO DE FAZENDA","1916","GDPE - SEF","GESTAO DA DIVIDA PUBLICA ESTADUAL","3","EXECUTIVO","2022","10943543505,32"
"2023","1500","SECRETARIA DE ESTADO DE PLANEJAMENTO E GESTAO","4551","FUNAPEC","FUNDO DE ASSISTENCIA AO PECULIO DOS SERVIDORES DO ESTADO DE MINAS GERAIS","3","EXECUTIVO","2023","72859997"
"2023","1320","SECRETARIA DE ESTADO DE SAUDE","2271","FHEMIG","FUNDACAO HOSPITALAR DO ESTADO DE MINAS GERAIS","3","EXECUTIVO","2023","2229235214,43"
"2023","1370","SECRETARIA DE ESTADO DE MEIO AMBIENTE E DESENVOLVIMENTO SUSTENTAVEL","2441","ARSAE -MG","AGENCIA REGULADORA DE SERVICOS DE ABASTECIMENTO DE AGUA E DE ESGOTAMENTO SANITARIO DO ESTADO DE MINA","3","EXECUTIVO","2023","18097673"
"2024","1070","GABINETE MILITAR DO GOVERNADOR DO ESTADO DE MINAS GERAIS","1071","GABINETE MILITAR","GABINETE MILITAR DO GOVERNADOR DO ESTADO DE MINAS GERAIS","3","EXECUTIVO","2024","60298628,22"
"2024","1500","SECRETARIA DE ESTADO DE PLANEJAMENTO E GESTAO","2331","IPEMMG","INSTITUTO DE METROLOGIA E QUALIDADE DO ESTADO DE MINAS GERAIS","3","EXECUTIVO","2024","38737641"
"2020","1510","POLICIA CIVIL DO ESTADO DE MINAS GERAIS","1511","PCMG","POLICIA CIVIL DO ESTADO DE MINAS GERAIS","3","EXECUTIVO","2020","2173093126,21"
"2021","1070","GABINETE MILITAR DO GOVERNADOR DO ESTADO DE MINAS GERAIS","1071","GABINETE MILITAR","GABINETE MILITAR DO GOVERNADOR DO ESTADO DE MINAS GERAIS","3","EXECUTIVO","2021","54010246,65"
"2021","1190","SECRETARIA DE ESTADO DE FAZENDA","1191","SEF","SECRETARIA DE ESTADO DE FAZENDA","3","EXECUTIVO","2021","1459678816,93"
"2021","1270","SECRETARIA DE ESTADO DE CULTURA E TURISMO","4491","FEC","FUNDO ESTADUAL DE CULTURA","3","EXECUTIVO","2021","17227025"
"2021","1370","SECRETARIA DE ESTADO DE MEIO AMBIENTE E DESENVOLVIMENTO SUSTENTAVEL","4341","FHIDRO","FUNDO DE RECUPERACAO, PROTECAO E DESENVOLVIMENTO SUSTENTAVEL DAS BACIAS HIDROGRAFICAS DO ESTADO DE M","3","EXECUTIVO","2021","29056676"
"2021","1190","SECRETARIA DE ESTADO DE FAZENDA","2041","LEMG","LOTERIA DO ESTADO DE MINAS GERAIS","3","EXECUTIVO","2021","9487690"
"2022","1220","SECRETARIA DE ESTADO DE DESENVOLVIMENTO ECONOMICO","4111","FUNDESE","FUNDO DE FOMENTO E DESENVOLVIMENTO SOCIOECONOMICO DO ESTADO DE MINAS GERAIS","3","EXECUTIVO","2022","3000"
"2023","1250","POLICIA MILITAR DO ESTADO DE MINAS GERAIS","2121","IPSM","INSTITUTO DE PREVIDENCIA DOS SERVIDORES MILITARES DO ESTADO DE MINAS GERAIS","3","EXECUTIVO","2023","3262512609,36"
"2024","1370","SECRETARIA DE ESTADO DE MEIO AMBIENTE E DESENVOLVIMENTO SUSTENTAVEL","2091","FEAM","FUNDACAO ESTADUAL DO MEIO AMBIENTE","3","EXECUTIVO","2024","67751996,7"
"2020","1030","TRIBUNAL DE JUSTICA DO ESTADO DE MINAS GERAIS","4031","FEPJ","FUNDO ESPECIAL DO PODER JUDICIARIO DO ESTADO DE MINAS GERAIS","2","JUDICIARIO","2020","1595196252"
"2020","1260","SECRETARIA DE ESTADO DE EDUCACAO","2161","FUCAM","FUNDACAO EDUCACIONAL CAIO MARTINS","3","EXECUTIVO","2020","7444318,82"
"2020","1010","ASSEMBLEIA LEGISLATIVA DO ESTADO DE MINAS GERAIS","4121","FUNDHAB","FUNDO DE APOIO HABITACIONAL DA ASSEMBLEIA LEGISLATIVA DE MINAS GERAIS","1","LEGISLATIVO","2020","47900000"
"2021","1090","MINISTERIO PUBLICO DO ESTADO DE MINAS GERAIS","4451","FEPDC","FUNDO ESTADUAL DE PROTECAO E DEFESA DO CONSUMIDOR","4","MINISTERIO PUBLICO","2021","71500000"
"2021","1480","SECRETARIA DE ESTADO DE DESENVOLVIMENTO SOCIAL","4091","FIA","FUNDO PARA A INFANCIA E A ADOLESCENCIA","3","EXECUTIVO","2021","2457368,39"
"2021","1500","SECRETARIA DE ESTADO DE PLANEJAMENTO E GESTAO","4711","FFP - MG","FUNDO FINANCEIRO DE PREVIDENCIA DO ESTADO DE MINAS GERAIS","3","EXECUTIVO","2021","14449722079"
"2021","1480","SECRETARIA DE ESTADO DE DESENVOLVIMENTO SOCIAL","2281","UTRAMIG","FUNDACAO DE EDUCACAO PARA O TRABALHO DE MINAS GERAIS","3","EXECUTIVO","2021","16653107,28"
"2022","1070","GABINETE MILITAR DO GOVERNADOR DO ESTADO DE MINAS GERAIS","1071","GABINETE MILITAR","GABINETE MILITAR DO GOVERNADOR DO ESTADO DE MINAS GERAIS","3","EXECUTIVO","2022","54687210,96"
"2022","1450","SECRETARIA DE ESTADO DE JUSTICA E SEGURANCA PUBLICA","4321","FUNPREN","FUNDO ESTADUAL DE PREVENCAO, FISCALIZACAO E REPRESSAO DE ENTORPECENTES","3","EXECUTIVO","2022","1000"
"2023","1070","GABINETE MILITAR DO GOVERNADOR DO ESTADO DE MINAS GERAIS","1071","GABINETE MILITAR","GABINETE MILITAR DO GOVERNADOR DO ESTADO DE MINAS GERAIS","3","EXECUTIVO","2023","55670664,45"
"2024","1480","SECRETARIA DE ESTADO DE DESENVOLVIMENTO SOCIAL","4101","FEH","FUNDO ESTADUAL DE HABITACAO","3","EXECUTIVO","2024","18214595"
"2020","1230","SECRETARIA DE ESTADO DE AGRICULTURA, PECUARIA E ABASTECIMENTO","2371","IMA","INSTITUTO MINEIRO DE AGROPECUARIA","3","EXECUTIVO","2020","292900665"
"2021","1480","SECRETARIA DE ESTADO DE DESENVOLVIMENTO SOCIAL","4701","FET-MG","FUNDO ESTADUAL DO TRABALHO DE MINAS GERAIS","3","EXECUTIVO","2021","2384069,39"
"2022","1260","SECRETARIA DE ESTADO DE EDUCACAO","1261","SEE","SECRETARIA DE ESTADO DE EDUCACAO","3","EXECUTIVO","2022","17512411492,49"
"2023","1270","SECRETARIA DE ESTADO DE CULTURA E TURISMO","1271","SECULT","SECRETARIA DE ESTADO DE CULTURA E TURISMO","3","EXECUTIVO","2023","290070713,67"
"2023","1270","SECRETARIA DE ESTADO DE CULTURA E TURISMO","4491","FEC","FUNDO ESTADUAL DE CULTURA","3","EXECUTIVO","2023","18315000"
"2024","1940","ENCARGOS GERAIS DO ESTADO - SECRETARIA DE ESTADO DE PLANEJAMENTO E GESTAO","1941","EGE-SEPLAG","EGE-SECRETARIA DE ESTADO DE PLANEJAMENTO E GESTAO","3","EXECUTIVO","2024","213496133,82"
"2024","1450","SECRETARIA DE ESTADO DE JUSTICA E SEGURANCA PUBLICA","4141","FPE","FUNDO PENITENCIARIO ESTADUAL","3","EXECUTIVO","2024","43570436,03"
"2024","1320","SECRETARIA DE ESTADO DE SAUDE","2321","HEMOMINAS","FUNDACAO CENTRO DE HEMATOLOGIA E HEMOTERAPIA DE MINAS GERAIS","3","EXECUTIVO","2024","385763355,35"
"2020","1260","SECRETARIA DE ESTADO DE EDUCACAO","1261","SEE","SECRETARIA DE ESTADO DE EDUCACAO","3","EXECUTIVO","2020","12123718589,44"
"2020","1450","SECRETARIA DE ESTADO DE JUSTICA E SEGURANCA PUBLICA","4321","FUNPREN","FUNDO ESTADUAL DE PREVENCAO, FISCALIZACAO E REPRESSAO DE ENTORPECENTES","3","EXECUTIVO","2020","1000"
"2021","1080","ADVOCACIA GERAL DO ESTADO","1081","AGE","ADVOCACIA GERAL DO ESTADO","3","EXECUTIVO","2021","1606441011,21"
"2021","1520","CONTROLADORIA-GERAL DO ESTADO","1521","CGE","CONTROLADORIA-GERAL DO ESTADO","3","EXECUTIVO","2021","58342521"
"2021","1630","GOVERNADORIA DO ESTADO","1631","SEC. GERAL","SECRETARIA-GERAL","3","EXECUTIVO","2021","97846619"
"2021","1230","SECRETARIA DE ESTADO DE AGRICULTURA, PECUARIA E ABASTECIMENTO","2371","IMA","INSTITUTO MINEIRO DE AGROPECUARIA","3","EXECUTIVO","2021","319394852,36"
"2022","1190","SECRETARIA DE ESTADO DE FAZENDA","2251","JUCEMG","JUNTA COMERCIAL DO ESTADO DE MINAS GERAIS","3","EXECUTIVO","2022","39040780"
"2022","1300","SECRETARIA DE ESTADO DE INFRAESTRUTURA E MOBILIDADE","4381","FUNTRANS","FUNDO ESTADUAL DE DESENVOLVIMENTO DE TRANSPORTES","3","EXECUTIVO","2022","162557090,68"
"2023","1230","SECRETARIA DE ESTADO DE AGRICULTURA, PECUARIA E ABASTECIMENTO","4171","FUNDERUR","FUNDO ESTADUAL DE DESENVOLVIMENTO RURAL","3","EXECUTIVO","2023","2000"
"2020","1270","SECRETARIA DE ESTADO DE CULTURA E TURISMO","4491","FEC","FUNDO ESTADUAL DE CULTURA","3","EXECUTIVO","2020","26992790"
"2020","1990","RESERVA DE CONTINGENCIA","1991","RC","RESERVA DE CONTINGENCIA","3","EXECUTIVO","2020","0"
"2021","1450","SECRETARIA DE ESTADO DE JUSTICA E SEGURANCA PUBLICA","1451","SEJUSP","SECRETARIA DE ESTADO DE JUSTICA E SEGURANCA PUBLICA","3","EXECUTIVO","2021","3122150962,71"
"2022","1220","SECRETARIA DE ESTADO DE DESENVOLVIMENTO ECONOMICO","2071","FAPEMIG","FUNDACAO DE AMPARO A PESQUISA DO ESTADO DE MINAS GERAIS","3","EXECUTIVO","2022","463523441,58"
"2022","1370","SECRETARIA DE ESTADO DE MEIO AMBIENTE E DESENVOLVIMENTO SUSTENTAVEL","2441","ARSAE -MG","AGENCIA REGULADORA DE SERVICOS DE ABASTECIMENTO DE AGUA E DE ESGOTAMENTO SANITARIO DO ESTADO DE MINA","3","EXECUTIVO","2022","17577996"
"2021","1190","SECRETARIA DE ESTADO DE FAZENDA","4651","FECIDAT","FUNDO ESPECIAL DE CREDITOS INADIMPLIDOS E DIVIDA ATIVA","3","EXECUTIVO","2021","2000"
"2021","1270","SECRETARIA DE ESTADO DE CULTURA E TURISMO","1271","SECULT","SECRETARIA DE ESTADO DE CULTURA E TURISMO","3","EXECUTIVO","2021","120348395,97"
"2021","1300","SECRETARIA DE ESTADO DE INFRAESTRUTURA E MOBILIDADE","1301","SEINFRA","SECRETARIA DE ESTADO DE INFRAESTRUTURA E MOBILIDADE","3","EXECUTIVO","2021","4592639819,2"
"2021","1190","SECRETARIA DE ESTADO DE FAZENDA","4721","FEPREMG","FUNDO ESTADUAL DE PREVIDENCIA DO ESTADO DE MINAS GERAIS","3","EXECUTIVO","2021","1000"
"2021","1270","SECRETARIA DE ESTADO DE CULTURA E TURISMO","2211","TV MINAS","FUNDACAO TV MINAS CULTURAL E EDUCATIVA","3","EXECUTIVO","2021","36576695,69"
"2021","1260","SECRETARIA DE ESTADO DE EDUCACAO","2311","UNIMONTES","UNIVERSIDADE ESTADUAL DE MONTES CLAROS","3","EXECUTIVO","2021","479704539,06"
"2021","1010","ASSEMBLEIA LEGISLATIVA DO ESTADO DE MINAS GERAIS","2361","IPLEMG","INSTITUTO DE PREVIDENCIA DO LEGISLATIVO DO ESTADO DE MINAS GERAIS","1","LEGISLATIVO","2021","109191750"
"2022","1990","RESERVA DE CONTINGENCIA","1991","RC","RESERVA DE CONTINGENCIA","3","EXECUTIVO","2022","179459215,94"
"2022","1260","SECRETARIA DE ESTADO DE EDUCACAO","2311","UNIMONTES","UNIVERSIDADE ESTADUAL DE MONTES CLAROS","3","EXECUTIVO","2022","473577923,96"
"2023","1480","SECRETARIA DE ESTADO DE DESENVOLVIMENTO SOCIAL","4601","FEI","FUNDO ESTADUAL DOS DIREITOS DO IDOSO","3","EXECUTIVO","2023","11000699"
"2024","1020","TRIBUNAL DE CONTAS DO ESTADO DE MINAS GERAIS","1021","TCEMG","TRIBUNAL DE CONTAS DO ESTADO DE MINAS GERAIS","5","TRIBUNAL DE CONTAS","2024","1238362361"
"2024","1320","SECRETARIA DE ESTADO DE SAUDE","2261","FUNED","FUNDACAO EZEQUIEL DIAS","3","EXECUTIVO","2024","520900149,92"
"2020","1300","SECRETARIA DE ESTADO DE INFRAESTRUTURA E MOBILIDADE","1301","SEINFRA","SECRETARIA DE ESTADO DE INFRAESTRUTURA E MOBILIDADE","3","EXECUTIVO","2020","342932783,5"
"2020","1260","SECRETARIA DE ESTADO DE EDUCACAO","2351","UEMG","UNIVERSIDADE DO ESTADO DE MINAS GERAIS","3","EXECUTIVO","2020","220969034,16"
"2021","1500","SECRETARIA DE ESTADO DE PLANEJAMENTO E GESTAO","4551","FUNAPEC","FUNDO DE ASSISTENCIA AO PECULIO DOS SERVIDORES DO ESTADO DE MINAS GERAIS","3","EXECUTIVO","2021","115729505,03"
"2022","1520","CONTROLADORIA-GERAL DO ESTADO","1521","CGE","CONTROLADORIA-GERAL DO ESTADO","3","EXECUTIVO","2022","58530514"
"2023","1100","OUVIDORIA-GERAL DO ESTADO DE MINAS GERAIS","1101","OGE","OUVIDORIA-GERAL DO ESTADO DE MINAS GERAIS","3","EXECUTIVO","2023","15049314,02"
"2023","1720","SECRETARIA DE ESTADO DA CASA CIVIL","1951","EGE - CASA CIVIL","ENCARGOS GERAIS DO ESTADO - INSTRUMENTOS DE ENTRADA DE RECURSOS","3","EXECUTIVO","2023","27064061,66"
"2020","1490","SECRETARIA DE ESTADO DE GOVERNO","1491","SEGOV","SECRETARIA DE ESTADO DE GOVERNO","3","EXECUTIVO","2020","218079198,87"
"2022","1480","SECRETARIA DE ESTADO DE DESENVOLVIMENTO SOCIAL","1481","SEDESE","SECRETARIA DE ESTADO DE DESENVOLVIMENTO SOCIAL","3","EXECUTIVO","2022","168249492,44"
"2023","1480","SECRETARIA DE ESTADO DE DESENVOLVIMENTO SOCIAL","1481","SEDESE","SECRETARIA DE ESTADO DE DESENVOLVIMENTO SOCIAL","3","EXECUTIVO","2023","342513553,91"
"2024","1010","ASSEMBLEIA LEGISLATIVA DO ESTADO DE MINAS GERAIS","4121","FUNDHAB","FUNDO DE APOIO HABITACIONAL DA ASSEMBLEIA LEGISLATIVA DE MINAS GERAIS","1","LEGISLATIVO","2024","17000000"
"2024","1260","SECRETARIA DE ESTADO DE EDUCACAO","2311","UNIMONTES","UNIVERSIDADE ESTADUAL DE MONTES CLAROS","3","EXECUTIVO","2024","474176389,61"
"2020","1450","SECRETARIA DE ESTADO DE JUSTICA E SEGURANCA PUBLICA","4141","FPE","FUNDO PENITENCIARIO ESTADUAL","3","EXECUTIVO","2020","51883926,31"
"2020","1480","SECRETARIA DE ESTADO DE DESENVOLVIMENTO SOCIAL","4091","FIA","FUNDO PARA A INFANCIA E A ADOLESCENCIA","3","EXECUTIVO","2020","1190856"
"2021","1050","TRIBUNAL DE JUSTICA MILITAR DO ESTADO DE MINAS GERAIS","1051","TJMMG","TRIBUNAL DE JUSTICA MILITAR DO ESTADO DE MINAS GERAIS","2","JUDICIARIO","2021","72360000"
"2021","1260","SECRETARIA DE ESTADO DE EDUCACAO","2151","FHA","FUNDACAO HELENA ANTIPOFF","3","EXECUTIVO","2021","43684097"
"2021","1220","SECRETARIA DE ESTADO DE DESENVOLVIMENTO ECONOMICO","2461","ARMVA","AGENCIA DE DESENVOLVIMENTO DA REGIAO METROPOLITANA DO VALE DO ACO","3","EXECUTIVO","2021","2881343,71"
"2022","1220","SECRETARIA DE ESTADO DE DESENVOLVIMENTO ECONOMICO","4331","FDM","FUNDO DE DESENVOLVIMENTO METROPOLITANO","3","EXECUTIVO","2022","7854186"
"2022","1270","SECRETARIA DE ESTADO DE CULTURA E TURISMO","2171","FAOP","FUNDACAO DE ARTE DE OURO PRETO","3","EXECUTIVO","2022","5707361,17"
"2023","1440","DEFENSORIA PUBLICA DO ESTADO DE MINAS GERAIS","1441","DEF PUB","DEFENSORIA PUBLICA DO ESTADO DE MINAS GERAIS","6","DEFENSORIA PUBLICA","2023","902579469"
"2024","1320","SECRETARIA DE ESTADO DE SAUDE","4291","FES","FUNDO ESTADUAL DE SAUDE","3","EXECUTIVO","2024","11768978722,09"
"2020","1230","SECRETARIA DE ESTADO DE AGRICULTURA, PECUARIA E ABASTECIMENTO","3041","EMATER","EMPRESA DE ASSISTENCIA TECNICA E EXTENSAO RURAL DO ESTADO DE MINAS GERAIS","3","EXECUTIVO","2020","326169565,39"
"2021","1250","POLICIA MILITAR DO ESTADO DE MINAS GERAIS","1251","PMMG","POLICIA MILITAR DO ESTADO DE MINAS GERAIS","3","EXECUTIVO","2021","11693750805,91"
"2022","1450","SECRETARIA DE ESTADO DE JUSTICA E SEGURANCA PUBLICA","1451","SEJUSP","SECRETARIA DE ESTADO DE JUSTICA E SEGURANCA PUBLICA","3","EXECUTIVO","2022","3699295251,22"
"2023","1370","SECRETARIA DE ESTADO DE MEIO AMBIENTE E DESENVOLVIMENTO SUSTENTAVEL","1371","SEMAD","SECRETARIA DE ESTADO DE MEIO AMBIENTE E DESENVOLVIMENTO SUSTENTAVEL","3","EXECUTIVO","2023","279032971,88"
"2023","1450","SECRETARIA DE ESTADO DE JUSTICA E SEGURANCA PUBLICA","4141","FPE","FUNDO PENITENCIARIO ESTADUAL","3","EXECUTIVO","2023","52170350,89"
"2024","1030","TRIBUNAL DE JUSTICA DO ESTADO DE MINAS GERAIS","1031","TJMG","TRIBUNAL DE JUSTICA DO ESTADO DE MINAS GERAIS","2","JUDICIARIO","2024","9475687281"
"2020","1520","CONTROLADORIA-GERAL DO ESTADO","1521","CGE","CONTROLADORIA-GERAL DO ESTADO","3","EXECUTIVO","2020","42188560"
"2020","1220","SECRETARIA DE ESTADO DE DESENVOLVIMENTO ECONOMICO","2331","IPEMMG","INSTITUTO DE METROLOGIA E QUALIDADE DO ESTADO DE MINAS GERAIS","3","EXECUTIVO","2020","43313534,89"
"2021","1100","OUVIDORIA-GERAL DO ESTADO DE MINAS GERAIS","1101","OGE","OUVIDORIA-GERAL DO ESTADO DE MINAS GERAIS","3","EXECUTIVO","2021","10959514"
"2022","1220","SECRETARIA DE ESTADO DE DESENVOLVIMENTO ECONOMICO","1221","SEDE","SECRETARIA DE ESTADO DE DESENVOLVIMENTO ECONOMICO","3","EXECUTIVO","2022","184519509,07"
"2023","1300","SECRETARIA DE ESTADO DE INFRAESTRUTURA, MOBILIDADE E PARCERIA","4381","FUNTRANS","FUNDO ESTADUAL DE DESENVOLVIMENTO DE TRANSPORTES","3","EXECUTIVO","2023","120186445,72"
"2024","1100","OUVIDORIA-GERAL DO ESTADO DE MINAS GERAIS","1101","OGE","OUVIDORIA-GERAL DO ESTADO DE MINAS GERAIS","3","EXECUTIVO","2024","16731450,18"
"2024","1220","SECRETARIA DE ESTADO DE DESENVOLVIMENTO ECONOMICO","2041","LEMG","LOTERIA DO ESTADO DE MINAS GERAIS","3","EXECUTIVO","2024","6158026"
"2023","1500","SECRETARIA DE ESTADO DE PLANEJAMENTO E GESTAO","1501","SEPLAG","SECRETARIA DE ESTADO DE PLANEJAMENTO E GESTAO","3","EXECUTIVO","2023","660931467,91"
"2023","1220","SECRETARIA DE ESTADO DE DESENVOLVIMENTO ECONOMICO","2421","IDENE","INSTITUTO DE DESENVOLVIMENTO DO NORTE E NORDESTE DE MINAS GERAIS","3","EXECUTIVO","2023","145447686,76"
"2024","1990","RESERVA DE CONTINGENCIA","1991","RC","RESERVA DE CONTINGENCIA","3","EXECUTIVO","2024","1030693489,63"
"2020","1370","SECRETARIA DE ESTADO DE MEIO AMBIENTE E DESENVOLVIMENTO SUSTENTAVEL","2441","ARSAE -MG","AGENCIA REGULADORA DE SERVICOS DE ABASTECIMENTO DE AGUA E DE ESGOTAMENTO SANITARIO DO ESTADO DE MINA","3","EXECUTIVO","2020","13709153"
"2021","1490","SECRETARIA DE ESTADO DE GOVERNO","1491","SEGOV","SECRETARIA DE ESTADO DE GOVERNO","3","EXECUTIVO","2021","2051903329,03"
"2022","1500","SECRETARIA DE ESTADO DE PLANEJAMENTO E GESTAO","4711","FFP - MG","FUNDO FINANCEIRO DE PREVIDENCIA DO ESTADO DE MINAS GERAIS","3","EXECUTIVO","2022","15648469336,01"
"2023","1500","SECRETARIA DE ESTADO DE PLANEJAMENTO E GESTAO","2331","IPEMMG","INSTITUTO DE METROLOGIA E QUALIDADE DO ESTADO DE MINAS GERAIS","3","EXECUTIVO","2023","33703297,96"
"2024","1190","SECRETARIA DE ESTADO DE FAZENDA","1191","SEF","SECRETARIA DE ESTADO DE FAZENDA","3","EXECUTIVO","2024","1844725806,97"
"2024","1090","MINISTERIO PUBLICO DO ESTADO DE MINAS GERAIS","4441","FUNEMP","FUNDO ESPECIAL DO MINISTERIO PUBLICO DO ESTADO DE MINAS GERAIS","4","MINISTERIO PUBLICO","2024","66000000"
"2021","1270","SECRETARIA DE ESTADO DE CULTURA E TURISMO","2181","FCS","FUNDACAO CLOVIS SALGADO","3","EXECUTIVO","2021","45187357,21"
"2024","1220","SECRETARIA DE ESTADO DE DESENVOLVIMENTO ECONOMICO","4661","FAIMG","FUNDO DE ATIVOS IMOBILIARIOS DE MINAS GERAIS","3","EXECUTIVO","2024","1000"
"2024","1500","SECRETARIA DE ESTADO DE PLANEJAMENTO E GESTAO","4551","FUNAPEC","FUNDO DE ASSISTENCIA AO PECULIO DOS SERVIDORES DO ESTADO DE MINAS GERAIS","3","EXECUTIVO","2024","71163817"
"2021","1540","ESCOLA DE SAUDE PUBLICA DO ESTADO DE MINAS GERAIS","1541","ESP MG","ESCOLA DE SAUDE PUBLICA DO ESTADO DE MINAS GERAIS","3","EXECUTIVO","2021","15155579,83"
"2021","1190","SECRETARIA DE ESTADO DE FAZENDA","4621","MG INVESTE","FUNDO DE INVESTIMENTO DO ESTADO DE MINAS GERAIS","3","EXECUTIVO","2021","78134593,39"
"2022","1050","TRIBUNAL DE JUSTICA MILITAR DO ESTADO DE MINAS GERAIS","1051","TJMMG","TRIBUNAL DE JUSTICA MILITAR DO ESTADO DE MINAS GERAIS","2","JUDICIARIO","2022","87372000"
"2022","1500","SECRETARIA DE ESTADO DE PLANEJAMENTO E GESTAO","1501","SEPLAG","SECRETARIA DE ESTADO DE PLANEJAMENTO E GESTAO","3","EXECUTIVO","2022","449086074,88"
"2023","1250","POLICIA MILITAR DO ESTADO DE MINAS GERAIS","1251","PMMG","POLICIA MILITAR DO ESTADO DE MINAS GERAIS","3","EXECUTIVO","2023","13758935297,48"
"2024","1080","ADVOCACIA GERAL DO ESTADO","1081","AGE","ADVOCACIA GERAL DO ESTADO","3","EXECUTIVO","2024","2230721526,06"
"2020","1270","SECRETARIA DE ESTADO DE CULTURA E TURISMO","2181","FCS","FUNDACAO CLOVIS SALGADO","3","EXECUTIVO","2020","41048188,23"
"2021","1010","ASSEMBLEIA LEGISLATIVA DO ESTADO DE MINAS GERAIS","1011","ALMG","ASSEMBLEIA LEGISLATIVA DO ESTADO DE MINAS GERAIS","1","LEGISLATIVO","2021","1562733062,13"
"2021","1190","SECRETARIA DE ESTADO DE FAZENDA","4661","FAIMG","FUNDO DE ATIVOS IMOBILIARIOS DE MINAS GERAIS","3","EXECUTIVO","2021","500"
"2021","1990","RESERVA DE CONTINGENCIA","1991","RC","RESERVA DE CONTINGENCIA","3","EXECUTIVO","2021","0,02"
"2021","1910","ENCARGOS GERAIS DO ESTADO - SECRETARIA DE ESTADO DE FAZENDA","1915","PARTICIPAÇÃO EMPRESAS","PARTICIPACAO NO AUMENTO DO CAPITAL SOCIAL DE EMPRESAS","3","EXECUTIVO","2021","2121174509,32"
"2022","1480","SECRETARIA DE ESTADO DE DESENVOLVIMENTO SOCIAL","4251","FEAS","FUNDO ESTADUAL DE ASSISTENCIA SOCIAL","3","EXECUTIVO","2022","212965416,02"
"2022","1250","POLICIA MILITAR DO ESTADO DE MINAS GERAIS","2121","IPSM","INSTITUTO DE PREVIDENCIA DOS SERVIDORES MILITARES DO ESTADO DE MINAS GERAIS","3","EXECUTIVO","2022","2807855599,62"
"2022","1320","SECRETARIA DE ESTADO DE SAUDE","2321","HEMOMINAS","FUNDACAO CENTRO DE HEMATOLOGIA E HEMOTERAPIA DE MINAS GERAIS","3","EXECUTIVO","2022","340350553,82"
"2022","1230","SECRETARIA DE ESTADO DE AGRICULTURA, PECUARIA E ABASTECIMENTO","3041","EMATER","EMPRESA DE ASSISTENCIA TECNICA E EXTENSAO RURAL DO ESTADO DE MINAS GERAIS","3","EXECUTIVO","2022","404665476,06"
"2024","1090","MINISTERIO PUBLICO DO ESTADO DE MINAS GERAIS","1091","PGJ","PROCURADORIA GERAL DE JUSTICA","4","MINISTERIO PUBLICO","2024","3778023123"
"2024","1520","CONTROLADORIA-GERAL DO ESTADO","1521","CGE","CONTROLADORIA-GERAL DO ESTADO","3","EXECUTIVO","2024","64002876,7"
"2024","1720","SECRETARIA DE ESTADO DA CASA CIVIL","1721","SCC","SECRETARIA DE ESTADO DA CASA CIVIL","3","EXECUTIVO","2024","13866258"
"2021","1450","SECRETARIA DE ESTADO DE JUSTICA E SEGURANCA PUBLICA","4141","FPE","FUNDO PENITENCIARIO ESTADUAL","3","EXECUTIVO","2021","52336697,99"
"2021","1250","POLICIA MILITAR DO ESTADO DE MINAS GERAIS","4541","FAHMEMG","FUNDO DE APOIO HABITACIONAL AOS MILITARES DO ESTADO DE MINAS GERAIS","3","EXECUTIVO","2021","29462330"
"2022","1940","ENCARGOS GERAIS DO ESTADO - SECRETARIA DE ESTADO DE PLANEJAMENTO E GESTAO","1941","EGE-SEPLAG","EGE-SECRETARIA DE ESTADO DE PLANEJAMENTO E GESTAO","3","EXECUTIVO","2022","326417180,24"
"2023","1270","SECRETARIA DE ESTADO DE CULTURA E TURISMO","4151","FASTUR","FUNDO DE ASSISTENCIA AO TURISMO","3","EXECUTIVO","2023","1000"
"2020","1190","SECRETARIA DE ESTADO DE FAZENDA","2041","LEMG","LOTERIA DO ESTADO DE MINAS GERAIS","3","EXECUTIVO","2020","11056991"
"2021","1250","POLICIA MILITAR DO ESTADO DE MINAS GERAIS","2121","IPSM","INSTITUTO DE PREVIDENCIA DOS SERVIDORES MILITARES DO ESTADO DE MINAS GERAIS","3","EXECUTIVO","2021","2757572523,51"
"2022","1370","SECRETARIA DE ESTADO DE MEIO AMBIENTE E DESENVOLVIMENTO SUSTENTAVEL","1371","SEMAD","SECRETARIA DE ESTADO DE MEIO AMBIENTE E DESENVOLVIMENTO SUSTENTAVEL","3","EXECUTIVO","2022","250510899,32"
"2022","1260","SECRETARIA DE ESTADO DE EDUCACAO","2151","FHA","FUNDACAO HELENA ANTIPOFF","3","EXECUTIVO","2022","75061714,85"
"2023","1020","TRIBUNAL DE CONTAS DO ESTADO DE MINAS GERAIS","4611","FUNCONTAS","FUNDO DO TRIBUNAL DE CONTAS DO ESTADO DE MINAS GERAIS","5","TRIBUNAL DE CONTAS","2023","2353200"
"2024","1370","SECRETARIA DE ESTADO DE MEIO AMBIENTE E DESENVOLVIMENTO SUSTENTAVEL","1371","SEMAD","SECRETARIA DE ESTADO DE MEIO AMBIENTE E DESENVOLVIMENTO SUSTENTAVEL","3","EXECUTIVO","2024","259069302,31"
"2024","1260","SECRETARIA DE ESTADO DE EDUCACAO","1261","SEE","SECRETARIA DE ESTADO DE EDUCACAO","3","EXECUTIVO","2024","18077424981,01"
"2024","1220","SECRETARIA DE ESTADO DE DESENVOLVIMENTO ECONOMICO","2071","FAPEMIG","FUNDACAO DE AMPARO A PESQUISA DO ESTADO DE MINAS GERAIS","3","EXECUTIVO","2024","733573623,88"
"2021","1910","ENCARGOS GERAIS DO ESTADO - SECRETARIA DE ESTADO DE FAZENDA","1911","EGE - SEF","EGE SEC.FAZENDA-ENCARGOS DIVERSOS","3","EXECUTIVO","2021","30997094915"
"2021","1480","SECRETARIA DE ESTADO DE DESENVOLVIMENTO SOCIAL","4101","FEH","FUNDO ESTADUAL DE HABITACAO","3","EXECUTIVO","2021","18214595"
"2022","1450","SECRETARIA DE ESTADO DE JUSTICA E SEGURANCA PUBLICA","4141","FPE","FUNDO PENITENCIARIO ESTADUAL","3","EXECUTIVO","2022","55671031,74"
"2022","1540","ESCOLA DE SAUDE PUBLICA DO ESTADO DE MINAS GERAIS","1541","ESP MG","ESCOLA DE SAUDE PUBLICA DO ESTADO DE MINAS GERAIS","3","EXECUTIVO","2022","19030516,65"
"2022","1370","SECRETARIA DE ESTADO DE MEIO AMBIENTE E DESENVOLVIMENTO SUSTENTAVEL","2091","FEAM","FUNDACAO ESTADUAL DO MEIO AMBIENTE","3","EXECUTIVO","2022","90517271,36"
"2023","1450","SECRETARIA DE ESTADO DE JUSTICA E SEGURANCA PUBLICA","1451","SEJUSP","SECRETARIA DE ESTADO DE JUSTICA E SEGURANCA PUBLICA","3","EXECUTIVO","2023","3970826285,76"
"2023","1990","RESERVA DE CONTINGENCIA","1991","RC","RESERVA DE CONTINGENCIA","3","EXECUTIVO","2023","5675431"
"2024","1190","SECRETARIA DE ESTADO DE FAZENDA","4621","MG INVESTE","FUNDO DE INVESTIMENTO DO ESTADO DE MINAS GERAIS","3","EXECUTIVO","2024","2000"
"2024","1260","SECRETARIA DE ESTADO DE EDUCACAO","2151","FHA","FUNDACAO HELENA ANTIPOFF","3","EXECUTIVO","2024","76869105"
"2024","1220","SECRETARIA DE ESTADO DE DESENVOLVIMENTO ECONOMICO","2251","JUCEMG","JUNTA COMERCIAL DO ESTADO DE MINAS GERAIS","3","EXECUTIVO","2024","34503253"
"2020","1320","SECRETARIA DE ESTADO DE SAUDE","2321","HEMOMINAS","FUNDACAO CENTRO DE HEMATOLOGIA E HEMOTERAPIA DE MINAS GERAIS","3","EXECUTIVO","2020","286888407,25"
"2020","1220","SECRETARIA DE ESTADO DE DESENVOLVIMENTO ECONOMICO","2461","ARMVA","AGENCIA DE DESENVOLVIMENTO DA REGIAO METROPOLITANA DO VALE DO ACO","3","EXECUTIVO","2020","2343923"
"2021","1270","SECRETARIA DE ESTADO DE CULTURA E TURISMO","4151","FASTUR","FUNDO DE ASSISTENCIA AO TURISMO","3","EXECUTIVO","2021","1000"
"2022","1270","SECRETARIA DE ESTADO DE CULTURA E TURISMO","2201","IEPHA","INSTITUTO ESTADUAL DO PATRIMONIO HISTORICO E ARTISTICO DE MINAS GERAIS","3","EXECUTIVO","2022","34471212,01"
"2023","1500","SECRETARIA DE ESTADO DE PLANEJAMENTO E GESTAO","2061","FJP","FUNDACAO JOAO PINHEIRO","3","EXECUTIVO","2023","71993209"
"2024","1190","SECRETARIA DE ESTADO DE FAZENDA","4721","FEPREMG","FUNDO ESTADUAL DE PREVIDENCIA DO ESTADO DE MINAS GERAIS","3","EXECUTIVO","2024","1000"
"2020","1250","POLICIA MILITAR DO ESTADO DE MINAS GERAIS","4541","FAHMEMG","FUNDO DE APOIO HABITACIONAL AOS MILITARES DO ESTADO DE MINAS GERAIS","3","EXECUTIVO","2020","29607600"
"2021","1300","SECRETARIA DE ESTADO DE INFRAESTRUTURA E MOBILIDADE","4381","FUNTRANS","FUNDO ESTADUAL DE DESENVOLVIMENTO DE TRANSPORTES","3","EXECUTIVO","2021","161350000"
"2021","1230","SECRETARIA DE ESTADO DE AGRICULTURA, PECUARIA E ABASTECIMENTO","3051","EPAMIG","EMPRESA DE PESQUISA AGROPECUARIA DE MINAS GERAIS","3","EXECUTIVO","2021","114843965,1"
"2022","1090","MINISTERIO PUBLICO DO ESTADO DE MINAS GERAIS","1091","PGJ","PROCURADORIA GERAL DE JUSTICA","4","MINISTERIO PUBLICO","2022","2717188824"
"2022","1100","OUVIDORIA-GERAL DO ESTADO DE MINAS GERAIS","1101","OGE","OUVIDORIA-GERAL DO ESTADO DE MINAS GERAIS","3","EXECUTIVO","2022","12796043,93"
"2022","1190","SECRETARIA DE ESTADO DE FAZENDA","4651","FECIDAT","FUNDO ESPECIAL DE CREDITOS INADIMPLIDOS E DIVIDA ATIVA","3","EXECUTIVO","2022","2000"
"2022","1190","SECRETARIA DE ESTADO DE FAZENDA","4661","FAIMG","FUNDO DE ATIVOS IMOBILIARIOS DE MINAS GERAIS","3","EXECUTIVO","2022","1000"
"2022","1510","POLICIA CIVIL DO ESTADO DE MINAS GERAIS","1511","PCMG","POLICIA CIVIL DO ESTADO DE MINAS GERAIS","3","EXECUTIVO","2022","3367956178,64"
"2022","1260","SECRETARIA DE ESTADO DE EDUCACAO","2351","UEMG","UNIVERSIDADE DO ESTADO DE MINAS GERAIS","3","EXECUTIVO","2022","490319086,35"
"2023","1450","SECRETARIA DE ESTADO DE JUSTICA E SEGURANCA PUBLICA","4321","FUNPREN","FUNDO ESTADUAL DE PREVENCAO, FISCALIZACAO E REPRESSAO DE ENTORPECENTES","3","EXECUTIVO","2023","1000"
"2023","1480","SECRETARIA DE ESTADO DE DESENVOLVIMENTO SOCIAL","4421","FUNDIF","FUNDO ESTADUAL DE DEFESA DE DIREITOS DIFUSOS","3","EXECUTIVO","2023","3339548"
"2023","1270","SECRETARIA DE ESTADO DE CULTURA E TURISMO","2171","FAOP","FUNDACAO DE ARTE DE OURO PRETO","3","EXECUTIVO","2023","5544637,01"
"2023","1190","SECRETARIA DE ESTADO DE FAZENDA","2251","JUCEMG","JUNTA COMERCIAL DO ESTADO DE MINAS GERAIS","3","EXECUTIVO","2023","33378093,66"
"2023","1320","SECRETARIA DE ESTADO DE SAUDE","2321","HEMOMINAS","FUNDACAO CENTRO DE HEMATOLOGIA E HEMOTERAPIA DE MINAS GERAIS","3","EXECUTIVO","2023","372919927,55"
"2024","1910","ENCARGOS GERAIS DO ESTADO - SECRETARIA DE ESTADO DE FAZENDA","1915","PARTICIPAÇÃO EMPRESAS","PARTICIPACAO NO AUMENTO DO CAPITAL SOCIAL DE EMPRESAS","3","EXECUTIVO","2024","139000"
"2024","1710","SECRETARIA DE ESTADO DE COMUNICACAO SOCIAL","2211","TV MINAS","FUNDACAO TV MINAS CULTURAL E EDUCATIVA","3","EXECUTIVO","2024","17811908"
"2020","1050","TRIBUNAL DE JUSTICA MILITAR DO ESTADO DE MINAS GERAIS","1051","TJMMG","TRIBUNAL DE JUSTICA MILITAR DO ESTADO DE MINAS GERAIS","2","JUDICIARIO","2020","66047646"
"2020","1910","ENCARGOS GERAIS DO ESTADO - SECRETARIA DE ESTADO DE FAZENDA","1911","EGE - SEF","EGE SEC.FAZENDA-ENCARGOS DIVERSOS","3","EXECUTIVO","2020","23814621837,36"
"2021","1300","SECRETARIA DE ESTADO DE INFRAESTRUTURA E MOBILIDADE","4641","FGP - MG","FUNDO DE GARANTIAS DE PARCERIAS PUBLICO - PRIVADAS DE MINAS GERAIS","3","EXECUTIVO","2021","1000"
"2023","1220","SECRETARIA DE ESTADO DE DESENVOLVIMENTO ECONOMICO","1221","SEDE","SECRETARIA DE ESTADO DE DESENVOLVIMENTO ECONOMICO","3","EXECUTIVO","2023","206454107,26"
"2023","1300","SECRETARIA DE ESTADO DE INFRAESTRUTURA, MOBILIDADE E PARCERIA","1301","SEINFRA","SECRETARIA DE ESTADO DE INFRAESTRUTURA, MOBILIDADE E PARCERIAS","3","EXECUTIVO","2023","1757693280,68"
"2020","1270","SECRETARIA DE ESTADO DE CULTURA E TURISMO","1271","SECULT","SECRETARIA DE ESTADO DE CULTURA E TURISMO","3","EXECUTIVO","2020","215208281,16"
"2020","1450","SECRETARIA DE ESTADO DE JUSTICA E SEGURANCA PUBLICA","1451","SEJUSP","SECRETARIA DE ESTADO DE JUSTICA E SEGURANCA PUBLICA","3","EXECUTIVO","2020","2746216962,84"
"2020","1260","SECRETARIA DE ESTADO DE EDUCACAO","2151","FHA","FUNDACAO HELENA ANTIPOFF","3","EXECUTIVO","2020","25506922,5"
"2022","1300","SECRETARIA DE ESTADO DE INFRAESTRUTURA E MOBILIDADE","4641","FGP - MG","FUNDO DE GARANTIAS DE PARCERIAS PUBLICO - PRIVADAS DE MINAS GERAIS","3","EXECUTIVO","2022","1000"
"2022","1440","DEFENSORIA PUBLICA DO ESTADO DE MINAS GERAIS","1441","DEF PUB","DEFENSORIA PUBLICA DO ESTADO DE MINAS GERAIS","6","DEFENSORIA PUBLICA","2022","750853058"
"2022","1370","SECRETARIA DE ESTADO DE MEIO AMBIENTE E DESENVOLVIMENTO SUSTENTAVEL","2101","IEF","INSTITUTO ESTADUAL DE FLORESTAS","3","EXECUTIVO","2022","279909882,88"
"2022","1300","SECRETARIA DE ESTADO DE INFRAESTRUTURA E MOBILIDADE","2301","DER-MG","DEPARTAMENTO DE EDIFICACOES E ESTRADAS DE RODAGEM DO ESTADO DE MINAS GERAIS","3","EXECUTIVO","2022","2447132424,76"
"2020","1630","GOVERNADORIA DO ESTADO","1631","SEC. GERAL","SECRETARIA-GERAL","3","EXECUTIVO","2020","63220459,51"
"2021","1220","SECRETARIA DE ESTADO DE DESENVOLVIMENTO ECONOMICO","1221","SEDE","SECRETARIA DE ESTADO DE DESENVOLVIMENTO ECONOMICO","3","EXECUTIVO","2021","178172463,53"
"2021","1910","ENCARGOS GERAIS DO ESTADO - SECRETARIA DE ESTADO DE FAZENDA","1917","IMOVEIS","GESTAO IMOBILIARIA","3","EXECUTIVO","2021","1000"
"2021","1220","SECRETARIA DE ESTADO DE DESENVOLVIMENTO ECONOMICO","2331","IPEMMG","INSTITUTO DE METROLOGIA E QUALIDADE DO ESTADO DE MINAS GERAIS","3","EXECUTIVO","2021","40427877,7"
"2022","1230","SECRETARIA DE ESTADO DE AGRICULTURA, PECUARIA E ABASTECIMENTO","1231","SEAPA","SECRETARIA DE ESTADO DE AGRICULTURA, PECUARIA E ABASTECIMENTO - SEAPA","3","EXECUTIVO","2022","247980988,85"
"2022","1480","SECRETARIA DE ESTADO DE DESENVOLVIMENTO SOCIAL","4101","FEH","FUNDO ESTADUAL DE HABITACAO","3","EXECUTIVO","2022","48200000"
"2023","1270","SECRETARIA DE ESTADO DE CULTURA E TURISMO","2181","FCS","FUNDACAO CLOVIS SALGADO","3","EXECUTIVO","2023","52704941,31"
"2024","1230","SECRETARIA DE ESTADO DE AGRICULTURA, PECUARIA E ABASTECIMENTO","1231","SEAPA","SECRETARIA DE ESTADO DE AGRICULTURA, PECUARIA E ABASTECIMENTO - SEAPA","3","EXECUTIVO","2024","156032941,15"
"2020","1270","SECRETARIA DE ESTADO DE CULTURA E TURISMO","2171","FAOP","FUNDACAO DE ARTE DE OURO PRETO","3","EXECUTIVO","2020","4583471,87"
"2021","1270","SECRETARIA DE ESTADO DE CULTURA E TURISMO","2201","IEPHA","INSTITUTO ESTADUAL DO PATRIMONIO HISTORICO E ARTISTICO DE MINAS GERAIS","3","EXECUTIVO","2021","38357898,66"
"2022","1250","POLICIA MILITAR DO ESTADO DE MINAS GERAIS","4541","FAHMEMG","FUNDO DE APOIO HABITACIONAL AOS MILITARES DO ESTADO DE MINAS GERAIS","3","EXECUTIVO","2022","32104200"
"2023","1300","SECRETARIA DE ESTADO DE INFRAESTRUTURA, MOBILIDADE E PARCERIA","4331","FDM","FUNDO DE DESENVOLVIMENTO METROPOLITANO","3","EXECUTIVO","2023","5587090"
"2023","1540","ESCOLA DE SAUDE PUBLICA DO ESTADO DE MINAS GERAIS","1541","ESP MG","ESCOLA DE SAUDE PUBLICA DO ESTADO DE MINAS GERAIS","3","EXECUTIVO","2023","20115459,64"
"2024","1910","ENCARGOS GERAIS DO ESTADO - SECRETARIA DE ESTADO DE FAZENDA","1916","GDPE - SEF","GESTAO DA DIVIDA PUBLICA ESTADUAL","3","EXECUTIVO","2024","6489220381,98"
"2024","1300","SECRETARIA DE ESTADO DE INFRAESTRUTURA, MOBILIDADE E PARCERIA","2301","DER-MG","DEPARTAMENTO DE EDIFICACOES E ESTRADAS DE RODAGEM DO ESTADO DE MINAS GERAIS","3","EXECUTIVO","2024","1568620887,49"
"2020","1300","SECRETARIA DE ESTADO DE INFRAESTRUTURA E MOBILIDADE","4631","FPP - MG","FUNDO DE PAGAMENTO DE PARCERIAS PUBLICO - PRIVADAS DE MINAS GERAIS","3","EXECUTIVO","2020","494981139,96"
"2020","1220","SECRETARIA DE ESTADO DE DESENVOLVIMENTO ECONOMICO","2071","FAPEMIG","FUNDACAO DE AMPARO A PESQUISA DO ESTADO DE MINAS GERAIS","3","EXECUTIVO","2020","368704702,14"
"2023","1260","SECRETARIA DE ESTADO DE EDUCACAO","2161","FUCAM","FUNDACAO EDUCACIONAL CAIO MARTINS","3","EXECUTIVO","2023","21112098,22"
"2024","1480","SECRETARIA DE ESTADO DE DESENVOLVIMENTO SOCIAL","2421","IDENE","INSTITUTO DE DESENVOLVIMENTO DO NORTE E NORDESTE DE MINAS GERAIS","3","EXECUTIVO","2024","65721644,49"
"2020","1510","POLICIA CIVIL DO ESTADO DE MINAS GERAIS","1551","DETRAN - MG","DEPARTAMENTO DE TRANSITO DE MINAS GERAIS","3","EXECUTIVO","2020","269348750,57"
"2020","1370","SECRETARIA DE ESTADO DE MEIO AMBIENTE E DESENVOLVIMENTO SUSTENTAVEL","2091","FEAM","FUNDACAO ESTADUAL DO MEIO AMBIENTE","3","EXECUTIVO","2020","73557026"
"2021","1370","SECRETARIA DE ESTADO DE MEIO AMBIENTE E DESENVOLVIMENTO SUSTENTAVEL","2241","IGAM","INSTITUTO MINEIRO DE GESTAO DAS AGUAS","3","EXECUTIVO","2021","116497476,17"
"2023","1300","SECRETARIA DE ESTADO DE INFRAESTRUTURA, MOBILIDADE E PARCERIA","2301","DER-MG","DEPARTAMENTO DE EDIFICACOES E ESTRADAS DE RODAGEM DO ESTADO DE MINAS GERAIS","3","EXECUTIVO","2023","2192070619,32"
"2024","1300","SECRETARIA DE ESTADO DE INFRAESTRUTURA, MOBILIDADE E PARCERIA","1301","SEINFRA","SECRETARIA DE ESTADO DE INFRAESTRUTURA, MOBILIDADE E PARCERIAS","3","EXECUTIVO","2024","930108423,94"
"2021","1010","ASSEMBLEIA LEGISLATIVA DO ESTADO DE MINAS GERAIS","4121","FUNDHAB","FUNDO DE APOIO HABITACIONAL DA ASSEMBLEIA LEGISLATIVA DE MINAS GERAIS","1","LEGISLATIVO","2021","49337000"
"2020","1190","SECRETARIA DE ESTADO DE FAZENDA","4621","MG INVESTE","FUNDO DE INVESTIMENTO DO ESTADO DE MINAS GERAIS","3","EXECUTIVO","2020","85454673,21"
"2022","1270","SECRETARIA DE ESTADO DE CULTURA E TURISMO","4491","FEC","FUNDO ESTADUAL DE CULTURA","3","EXECUTIVO","2022","22189630"
"2024","1500","SECRETARIA DE ESTADO DE PLANEJAMENTO E GESTAO","2011","IPSEMG","INSTITUTO DE PREVIDENCIA DOS SERVIDORES DO ESTADO DE MINAS GERAIS","3","EXECUTIVO","2024","1529984493,5"
"2024","1250","POLICIA MILITAR DO ESTADO DE MINAS GERAIS","1251","PMMG","POLICIA MILITAR DO ESTADO DE MINAS GERAIS","3","EXECUTIVO","2024","14179231139,53"
"2024","1370","SECRETARIA DE ESTADO DE MEIO AMBIENTE E DESENVOLVIMENTO SUSTENTAVEL","2101","IEF","INSTITUTO ESTADUAL DE FLORESTAS","3","EXECUTIVO","2024","307741920,6"
"2024","1270","SECRETARIA DE ESTADO DE CULTURA E TURISMO","2181","FCS","FUNDACAO CLOVIS SALGADO","3","EXECUTIVO","2024","53526077,19"
"2024","1500","SECRETARIA DE ESTADO DE PLANEJAMENTO E GESTAO","4711","FFP - MG","FUNDO FINANCEIRO DE PREVIDENCIA DO ESTADO DE MINAS GERAIS","3","EXECUTIVO","2024","18329710649,8"
"2021","1320","SECRETARIA DE ESTADO DE SAUDE","2261","FUNED","FUNDACAO EZEQUIEL DIAS","3","EXECUTIVO","2021","497372897,1"
"2021","1220","SECRETARIA DE ESTADO DE DESENVOLVIMENTO ECONOMICO","4111","FUNDESE","FUNDO DE FOMENTO E DESENVOLVIMENTO SOCIOECONOMICO DO ESTADO DE MINAS GERAIS","3","EXECUTIVO","2021","3000"
"2022","1370","SECRETARIA DE ESTADO DE MEIO AMBIENTE E DESENVOLVIMENTO SUSTENTAVEL","2241","IGAM","INSTITUTO MINEIRO DE GESTAO DAS AGUAS","3","EXECUTIVO","2022","135980533,15"
"2024","1010","ASSEMBLEIA LEGISLATIVA DO ESTADO DE MINAS GERAIS","1011","ALMG","ASSEMBLEIA LEGISLATIVA DO ESTADO DE MINAS GERAIS","1","LEGISLATIVO","2024","1998407197"
"2021","1480","SECRETARIA DE ESTADO DE DESENVOLVIMENTO SOCIAL","1481","SEDESE","SECRETARIA DE ESTADO DE DESENVOLVIMENTO SOCIAL","3","EXECUTIVO","2021","229428603,2"
"2023","1500","SECRETARIA DE ESTADO DE PLANEJAMENTO E GESTAO","4711","FFP - MG","FUNDO FINANCEIRO DE PREVIDENCIA DO ESTADO DE MINAS GERAIS","3","EXECUTIVO","2023","17387400033,9"
"2023","1510","POLICIA CIVIL DO ESTADO DE MINAS GERAIS","1511","PCMG","POLICIA CIVIL DO ESTADO DE MINAS GERAIS","3","EXECUTIVO","2023","3745434897,89"
"2024","1500","SECRETARIA DE ESTADO DE PLANEJAMENTO E GESTAO","1501","SEPLAG","SECRETARIA DE ESTADO DE PLANEJAMENTO E GESTAO","3","EXECUTIVO","2024","1021649446,25"
"2020","1030","TRIBUNAL DE JUSTICA DO ESTADO DE MINAS GERAIS","1031","TJMG","TRIBUNAL DE JUSTICA DO ESTADO DE MINAS GERAIS","2","JUDICIARIO","2020","6382405608"
"2020","1220","SECRETARIA DE ESTADO DE DESENVOLVIMENTO ECONOMICO","4531","FIIT","FUNDO DE INCENTIVO A INOVACAO TECNOLOGICA","3","EXECUTIVO","2020","1000"
"2021","1220","SECRETARIA DE ESTADO DE DESENVOLVIMENTO ECONOMICO","4331","FDM","FUNDO DE DESENVOLVIMENTO METROPOLITANO","3","EXECUTIVO","2021","4857467,39"
"2021","1400","CORPO DE BOMBEIROS MILITAR DO ESTADO DE MINAS GERAIS","1401","CBMMG","CORPO DE BOMBEIROS MILITAR DO ESTADO DE MINAS GERAIS","3","EXECUTIVO","2021","1514974335,13"
"2021","1320","SECRETARIA DE ESTADO DE SAUDE","2321","HEMOMINAS","FUNDACAO CENTRO DE HEMATOLOGIA E HEMOTERAPIA DE MINAS GERAIS","3","EXECUTIVO","2021","295500007,59"
"2022","1480","SECRETARIA DE ESTADO DE DESENVOLVIMENTO SOCIAL","4421","FUNDIF","FUNDO ESTADUAL DE DEFESA DE DIREITOS DIFUSOS","3","EXECUTIVO","2022","3700067"
"2022","1630","GOVERNADORIA DO ESTADO","1631","SEC. GERAL","SECRETARIA-GERAL","3","EXECUTIVO","2022","88402799"
"2023","1030","TRIBUNAL DE JUSTICA DO ESTADO DE MINAS GERAIS","4031","FEPJ","FUNDO ESPECIAL DO PODER JUDICIARIO DO ESTADO DE MINAS GERAIS","2","JUDICIARIO","2023","2433287539,88"
"2023","1230","SECRETARIA DE ESTADO DE AGRICULTURA, PECUARIA E ABASTECIMENTO","3041","EMATER","EMPRESA DE ASSISTENCIA TECNICA E EXTENSAO RURAL DO ESTADO DE MINAS GERAIS","3","EXECUTIVO","2023","404705473,84"
"2024","1300","SECRETARIA DE ESTADO DE INFRAESTRUTURA, MOBILIDADE E PARCERIA","4631","FPP - MG","FUNDO DE PAGAMENTO DE PARCERIAS PUBLICO - PRIVADAS DE MINAS GERAIS","3","EXECUTIVO","2024","1453138394"
"2024","1270","SECRETARIA DE ESTADO DE CULTURA E TURISMO","4491","FEC","FUNDO ESTADUAL DE CULTURA","3","EXECUTIVO","2024","22452867"
"2024","1300","SECRETARIA DE ESTADO DE INFRAESTRUTURA, MOBILIDADE E PARCERIA","2461","ARMVA","AGENCIA DE DESENVOLVIMENTO DA REGIAO METROPOLITANA DO VALE DO ACO","3","EXECUTIVO","2024","4758680"
"2024","1480","SECRETARIA DE ESTADO DE DESENVOLVIMENTO SOCIAL","2281","UTRAMIG","FUNDACAO DE EDUCACAO PARA O TRABALHO DE MINAS GERAIS","3","EXECUTIVO","2024","8085497,95"
"2020","1220","SECRETARIA DE ESTADO DE DESENVOLVIMENTO ECONOMICO","1221","SEDE","SECRETARIA DE ESTADO DE DESENVOLVIMENTO ECONOMICO","3","EXECUTIVO","2020","81055723"
"2020","1370","SECRETARIA DE ESTADO DE MEIO AMBIENTE E DESENVOLVIMENTO SUSTENTAVEL","2101","IEF","INSTITUTO ESTADUAL DE FLORESTAS","3","EXECUTIVO","2020","192366599"
"2020","1010","ASSEMBLEIA LEGISLATIVA DO ESTADO DE MINAS GERAIS","2361","IPLEMG","INSTITUTO DE PREVIDENCIA DO LEGISLATIVO DO ESTADO DE MINAS GERAIS","1","LEGISLATIVO","2020","109191750"
"2020","1220","SECRETARIA DE ESTADO DE DESENVOLVIMENTO ECONOMICO","2431","AGÊNCIA RMBH","AGENCIA DE DESENVOLVIMENTO DA REGIAO METROPOLITANA DE BELO HORIZONTE","3","EXECUTIVO","2020","5009163"
"2023","1190","SECRETARIA DE ESTADO DE FAZENDA","4651","FECIDAT","FUNDO ESPECIAL DE CREDITOS INADIMPLIDOS E DIVIDA ATIVA","3","EXECUTIVO","2023","2000"
"2023","1370","SECRETARIA DE ESTADO DE MEIO AMBIENTE E DESENVOLVIMENTO SUSTENTAVEL","2101","IEF","INSTITUTO ESTADUAL DE FLORESTAS","3","EXECUTIVO","2023","333459329,67"
"2024","1630","GOVERNADORIA DO ESTADO","1631","SEC. GERAL","SECRETARIA-GERAL","3","EXECUTIVO","2024","17041174"
"2024","1230","SECRETARIA DE ESTADO DE AGRICULTURA, PECUARIA E ABASTECIMENTO","3051","EPAMIG","EMPRESA DE PESQUISA AGROPECUARIA DE MINAS GERAIS","3","EXECUTIVO","2024","165703501,44"
"2020","1020","TRIBUNAL DE CONTAS DO ESTADO DE MINAS GERAIS","4611","FUNCONTAS","FUNDO DO TRIBUNAL DE CONTAS DO ESTADO DE MINAS GERAIS","5","TRIBUNAL DE CONTAS","2020","2329118"
"2020","1320","SECRETARIA DE ESTADO DE SAUDE","4291","FES","FUNDO ESTADUAL DE SAUDE","3","EXECUTIVO","2020","9175010236,47"
"2020","1400","CORPO DE BOMBEIROS MILITAR DO ESTADO DE MINAS GERAIS","1401","CBMMG","CORPO DE BOMBEIROS MILITAR DO ESTADO DE MINAS GERAIS","3","EXECUTIVO","2020","1290471755,88"
"2020","1270","SECRETARIA DE ESTADO DE CULTURA E TURISMO","2201","IEPHA","INSTITUTO ESTADUAL DO PATRIMONIO HISTORICO E ARTISTICO DE MINAS GERAIS","3","EXECUTIVO","2020","27817173"
"2020","1190","SECRETARIA DE ESTADO DE FAZENDA","2251","JUCEMG","JUNTA COMERCIAL DO ESTADO DE MINAS GERAIS","3","EXECUTIVO","2020","34729155,39"
"2021","1500","SECRETARIA DE ESTADO DE PLANEJAMENTO E GESTAO","1501","SEPLAG","SECRETARIA DE ESTADO DE PLANEJAMENTO E GESTAO","3","EXECUTIVO","2021","822179829,6"
"2023","1220","SECRETARIA DE ESTADO DE DESENVOLVIMENTO ECONOMICO","2431","AGÊNCIA RMBH","AGENCIA DE DESENVOLVIMENTO DA REGIAO METROPOLITANA DE BELO HORIZONTE","3","EXECUTIVO","2023","8678165,4"
"2024","1020","TRIBUNAL DE CONTAS DO ESTADO DE MINAS GERAIS","4611","FUNCONTAS","FUNDO DO TRIBUNAL DE CONTAS DO ESTADO DE MINAS GERAIS","5","TRIBUNAL DE CONTAS","2024","3420000"
"2023","1010","ASSEMBLEIA LEGISLATIVA DO ESTADO DE MINAS GERAIS","2361","IPLEMG","INSTITUTO DE PREVIDENCIA DO LEGISLATIVO DO ESTADO DE MINAS GERAIS","1","LEGISLATIVO","2023","109510511"
"2021","1320","SECRETARIA DE ESTADO DE SAUDE","4291","FES","FUNDO ESTADUAL DE SAUDE","3","EXECUTIVO","2021","11557382526,91"
"2022","1270","SECRETARIA DE ESTADO DE CULTURA E TURISMO","2211","TV MINAS","FUNDACAO TV MINAS CULTURAL E EDUCATIVA","3","EXECUTIVO","2022","27389113,26"
"2023","1090","MINISTERIO PUBLICO DO ESTADO DE MINAS GERAIS","4441","FUNEMP","FUNDO ESPECIAL DO MINISTERIO PUBLICO DO ESTADO DE MINAS GERAIS","4","MINISTERIO PUBLICO","2023","118000000"
"2023","1910","ENCARGOS GERAIS DO ESTADO - SECRETARIA DE ESTADO DE FAZENDA","1917","IMOVEIS","GESTAO IMOBILIARIA","3","EXECUTIVO","2023","1000"
"2024","1480","SECRETARIA DE ESTADO DE DESENVOLVIMENTO SOCIAL","4701","FET-MG","FUNDO ESTADUAL DO TRABALHO DE MINAS GERAIS","3","EXECUTIVO","2024","9365226"
"2020","1020","TRIBUNAL DE CONTAS DO ESTADO DE MINAS GERAIS","1021","TCEMG","TRIBUNAL DE CONTAS DO ESTADO DE MINAS GERAIS","5","TRIBUNAL DE CONTAS","2020","854615728"
"2020","1480","SECRETARIA DE ESTADO DE DESENVOLVIMENTO SOCIAL","4251","FEAS","FUNDO ESTADUAL DE ASSISTENCIA SOCIAL","3","EXECUTIVO","2020","106563681,6"
"2021","1370","SECRETARIA DE ESTADO DE MEIO AMBIENTE E DESENVOLVIMENTO SUSTENTAVEL","2441","ARSAE -MG","AGENCIA REGULADORA DE SERVICOS DE ABASTECIMENTO DE AGUA E DE ESGOTAMENTO SANITARIO DO ESTADO DE MINA","3","EXECUTIVO","2021","17182324"
"2022","1080","ADVOCACIA GERAL DO ESTADO","1081","AGE","ADVOCACIA GERAL DO ESTADO","3","EXECUTIVO","2022","1615066618,69"
"2022","1190","SECRETARIA DE ESTADO DE FAZENDA","4671","FIIMG","FUNDO DE INVESTIMENTOS IMOBILIARIOS DE MINAS GERAIS","3","EXECUTIVO","2022","112417561"
"2022","1450","SECRETARIA DE ESTADO DE JUSTICA E SEGURANCA PUBLICA","4691","FESP-MG","FUNDO ESTADUAL DE SEGURANCA PUBLICA DE MINAS GERAIS","3","EXECUTIVO","2022","64834619,48"
"2023","1030","TRIBUNAL DE JUSTICA DO ESTADO DE MINAS GERAIS","1031","TJMG","TRIBUNAL DE JUSTICA DO ESTADO DE MINAS GERAIS","2","JUDICIARIO","2023","8634077651"
"2023","1320","SECRETARIA DE ESTADO DE SAUDE","4291","FES","FUNDO ESTADUAL DE SAUDE","3","EXECUTIVO","2023","12393969436,39"
"2024","1300","SECRETARIA DE ESTADO DE INFRAESTRUTURA, MOBILIDADE E PARCERIA","4381","FUNTRANS","FUNDO ESTADUAL DE DESENVOLVIMENTO DE TRANSPORTES","3","EXECUTIVO","2024","158959756"
"2024","1710","SECRETARIA DE ESTADO DE COMUNICACAO SOCIAL","3151","EMC","EMPRESA MINEIRA DE COMUNICACAO","3","EXECUTIVO","2024","35529885"
"2020","1270","SECRETARIA DE ESTADO DE CULTURA E TURISMO","3151","EMC","EMPRESA MINEIRA DE COMUNICACAO","3","EXECUTIVO","2020","11745960,65"
"2023","1400","CORPO DE BOMBEIROS MILITAR DO ESTADO DE MINAS GERAIS","1401","CBMMG","CORPO DE BOMBEIROS MILITAR DO ESTADO DE MINAS GERAIS","3","EXECUTIVO","2023","1647222174"
"2023","1720","SECRETARIA DE ESTADO DA CASA CIVIL","1721","SCC","SECRETARIA DE ESTADO DA CASA CIVIL","3","EXECUTIVO","2023","9258927,8"
"2024","1270","SECRETARIA DE ESTADO DE CULTURA E TURISMO","1271","SECULT","SECRETARIA DE ESTADO DE CULTURA E TURISMO","3","EXECUTIVO","2024","432691588,08"
"2024","1300","SECRETARIA DE ESTADO DE INFRAESTRUTURA, MOBILIDADE E PARCERIA","4641","FGP - MG","FUNDO DE GARANTIAS DE PARCERIAS PUBLICO - PRIVADAS DE MINAS GERAIS","3","EXECUTIVO","2024","1000"
"2020","1230","SECRETARIA DE ESTADO DE AGRICULTURA, PECUARIA E ABASTECIMENTO","1231","SEAPA","SECRETARIA DE ESTADO DE AGRICULTURA, PECUARIA E ABASTECIMENTO - SEAPA","3","EXECUTIVO","2020","101248969,55"
"2020","1250","POLICIA MILITAR DO ESTADO DE MINAS GERAIS","2121","IPSM","INSTITUTO DE PREVIDENCIA DOS SERVIDORES MILITARES DO ESTADO DE MINAS GERAIS","3","EXECUTIVO","2020","2745527898"
"2020","1480","SECRETARIA DE ESTADO DE DESENVOLVIMENTO SOCIAL","4101","FEH","FUNDO ESTADUAL DE HABITACAO","3","EXECUTIVO","2020","19961015"
"2021","1090","MINISTERIO PUBLICO DO ESTADO DE MINAS GERAIS","1091","PGJ","PROCURADORIA GERAL DE JUSTICA","4","MINISTERIO PUBLICO","2021","2611955590"
"2021","1190","SECRETARIA DE ESTADO DE FAZENDA","2251","JUCEMG","JUNTA COMERCIAL DO ESTADO DE MINAS GERAIS","3","EXECUTIVO","2021","36015211"
"2022","1010","ASSEMBLEIA LEGISLATIVA DO ESTADO DE MINAS GERAIS","1011","ALMG","ASSEMBLEIA LEGISLATIVA DO ESTADO DE MINAS GERAIS","1","LEGISLATIVO","2022","1713624000"
"2024","1030","TRIBUNAL DE JUSTICA DO ESTADO DE MINAS GERAIS","4031","FEPJ","FUNDO ESPECIAL DO PODER JUDICIARIO DO ESTADO DE MINAS GERAIS","2","JUDICIARIO","2024","3312183583,68"
"2024","1910","ENCARGOS GERAIS DO ESTADO - SECRETARIA DE ESTADO DE FAZENDA","1911","EGE - SEF","EGE SEC.FAZENDA-ENCARGOS DIVERSOS","3","EXECUTIVO","2024","852749929"
"2020","1190","SECRETARIA DE ESTADO DE FAZENDA","1191","SEF","SECRETARIA DE ESTADO DE FAZENDA","3","EXECUTIVO","2020","1195025404,83"
"2020","1500","SECRETARIA DE ESTADO DE PLANEJAMENTO E GESTAO","1501","SEPLAG","SECRETARIA DE ESTADO DE PLANEJAMENTO E GESTAO","3","EXECUTIVO","2020","304155746,6"
"2020","1220","SECRETARIA DE ESTADO DE DESENVOLVIMENTO ECONOMICO","2421","IDENE","INSTITUTO DE DESENVOLVIMENTO DO NORTE E NORDESTE DE MINAS GERAIS","3","EXECUTIVO","2020","58507164,53"
"2023","1220","SECRETARIA DE ESTADO DE DESENVOLVIMENTO ECONOMICO","4671","FIIMG","FUNDO DE INVESTIMENTOS IMOBILIARIOS DE MINAS GERAIS","3","EXECUTIVO","2023","300251026"
"2023","1370","SECRETARIA DE ESTADO DE MEIO AMBIENTE E DESENVOLVIMENTO SUSTENTAVEL","4341","FHIDRO","FUNDO DE RECUPERACAO, PROTECAO E DESENVOLVIMENTO SUSTENTAVEL DAS BACIAS HIDROGRAFICAS DO ESTADO DE M","3","EXECUTIVO","2023","32802979"
"2023","1260","SECRETARIA DE ESTADO DE EDUCACAO","2151","FHA","FUNDACAO HELENA ANTIPOFF","3","EXECUTIVO","2023","70701365,71"
"2023","1190","SECRETARIA DE ESTADO DE FAZENDA","4621","MG INVESTE","FUNDO DE INVESTIMENTO DO ESTADO DE MINAS GERAIS","3","EXECUTIVO","2023","2000"
"2024","1250","POLICIA MILITAR DO ESTADO DE MINAS GERAIS","4541","FAHMEMG","FUNDO DE APOIO HABITACIONAL AOS MILITARES DO ESTADO DE MINAS GERAIS","3","EXECUTIVO","2024","437158"
"2020","1300","SECRETARIA DE ESTADO DE INFRAESTRUTURA E MOBILIDADE","4641","FGP - MG","FUNDO DE GARANTIAS DE PARCERIAS PUBLICO - PRIVADAS DE MINAS GERAIS","3","EXECUTIVO","2020","1000"
"2020","1440","DEFENSORIA PUBLICA DO ESTADO DE MINAS GERAIS","1441","DEF PUB","DEFENSORIA PUBLICA DO ESTADO DE MINAS GERAIS","6","DEFENSORIA PUBLICA","2020","551543898"
"2020","1480","SECRETARIA DE ESTADO DE DESENVOLVIMENTO SOCIAL","4601","FEI","FUNDO ESTADUAL DOS DIREITOS DO IDOSO","3","EXECUTIVO","2020","1000000"
"2021","1030","TRIBUNAL DE JUSTICA DO ESTADO DE MINAS GERAIS","4031","FEPJ","FUNDO ESPECIAL DO PODER JUDICIARIO DO ESTADO DE MINAS GERAIS","2","JUDICIARIO","2021","1602553346,8"
"2023","1300","SECRETARIA DE ESTADO DE INFRAESTRUTURA, MOBILIDADE E PARCERIA","4641","FGP - MG","FUNDO DE GARANTIAS DE PARCERIAS PUBLICO - PRIVADAS DE MINAS GERAIS","3","EXECUTIVO","2023","1000"
"2024","1370","SECRETARIA DE ESTADO DE MEIO AMBIENTE E DESENVOLVIMENTO SUSTENTAVEL","2241","IGAM","INSTITUTO MINEIRO DE GESTAO DAS AGUAS","3","EXECUTIVO","2024","198411111,75"
"2022","1220","SECRETARIA DE ESTADO DE DESENVOLVIMENTO ECONOMICO","4531","FIIT","FUNDO DE INCENTIVO A INOVACAO TECNOLOGICA","3","EXECUTIVO","2022","1000"
"2024","1450","SECRETARIA DE ESTADO DE JUSTICA E SEGURANCA PUBLICA","1451","SEJUSP","SECRETARIA DE ESTADO DE JUSTICA E SEGURANCA PUBLICA","3","EXECUTIVO","2024","4462040580,48"
"2024","1710","SECRETARIA DE ESTADO DE COMUNICACAO SOCIAL","1711","SECOM","SECRETARIA DE ESTADO DE COMUNICACAO SOCIAL","3","EXECUTIVO","2024","147060145"
"2024","1480","SECRETARIA DE ESTADO DE DESENVOLVIMENTO SOCIAL","4421","FUNDIF","FUNDO ESTADUAL DE DEFESA DE DIREITOS DIFUSOS","3","EXECUTIVO","2024","3354555"
"2024","1260","SECRETARIA DE ESTADO DE EDUCACAO","2351","UEMG","UNIVERSIDADE DO ESTADO DE MINAS GERAIS","3","EXECUTIVO","2024","412806760,81"
"2020","1370","SECRETARIA DE ESTADO DE MEIO AMBIENTE E DESENVOLVIMENTO SUSTENTAVEL","1371","SEMAD","SECRETARIA DE ESTADO DE MEIO AMBIENTE E DESENVOLVIMENTO SUSTENTAVEL","3","EXECUTIVO","2020","196928795,83"
"2020","1480","SECRETARIA DE ESTADO DE DESENVOLVIMENTO SOCIAL","1481","SEDESE","SECRETARIA DE ESTADO DE DESENVOLVIMENTO SOCIAL","3","EXECUTIVO","2020","661693994,79"
"2020","1500","SECRETARIA DE ESTADO DE PLANEJAMENTO E GESTAO","4551","FUNAPEC","FUNDO DE ASSISTENCIA AO PECULIO DOS SERVIDORES DO ESTADO DE MINAS GERAIS","3","EXECUTIVO","2020","70252560"
"2022","1490","SECRETARIA DE ESTADO DE GOVERNO","1491","SEGOV","SECRETARIA DE ESTADO DE GOVERNO","3","EXECUTIVO","2022","1633060025"
"2022","1320","SECRETARIA DE ESTADO DE SAUDE","2271","FHEMIG","FUNDACAO HOSPITALAR DO ESTADO DE MINAS GERAIS","3","EXECUTIVO","2022","2313596222,4"
"2023","1710","SECRETARIA DE ESTADO DE COMUNICACAO SOCIAL","1711","SECOM","SECRETARIA DE ESTADO DE COMUNICACAO SOCIAL","3","EXECUTIVO","2023","91816256,45"
"2023","1910","ENCARGOS GERAIS DO ESTADO - SECRETARIA DE ESTADO DE FAZENDA","1916","GDPE - SEF","GESTAO DA DIVIDA PUBLICA ESTADUAL","3","EXECUTIVO","2023","4405331614,01"
"2023","1220","SECRETARIA DE ESTADO DE DESENVOLVIMENTO ECONOMICO","4531","FIIT","FUNDO DE INCENTIVO A INOVACAO TECNOLOGICA","3","EXECUTIVO","2023","1000"
"2024","1300","SECRETARIA DE ESTADO DE INFRAESTRUTURA, MOBILIDADE E PARCERIA","4331","FDM","FUNDO DE DESENVOLVIMENTO METROPOLITANO","3","EXECUTIVO","2024","1141146,8"
"2024","1500","SECRETARIA DE ESTADO DE PLANEJAMENTO E GESTAO","2061","FJP","FUNDACAO JOAO PINHEIRO","3","EXECUTIVO","2024","83755189,37"
"2020","1320","SECRETARIA DE ESTADO DE SAUDE","2261","FUNED","FUNDACAO EZEQUIEL DIAS","3","EXECUTIVO","2020","869476924,48"
"2021","1020","TRIBUNAL DE CONTAS DO ESTADO DE MINAS GERAIS","4611","FUNCONTAS","FUNDO DO TRIBUNAL DE CONTAS DO ESTADO DE MINAS GERAIS","5","TRIBUNAL DE CONTAS","2021","2831850"
"2021","1370","SECRETARIA DE ESTADO DE MEIO AMBIENTE E DESENVOLVIMENTO SUSTENTAVEL","1371","SEMAD","SECRETARIA DE ESTADO DE MEIO AMBIENTE E DESENVOLVIMENTO SUSTENTAVEL","3","EXECUTIVO","2021","251638425,9"
"2022","1190","SECRETARIA DE ESTADO DE FAZENDA","4621","MG INVESTE","FUNDO DE INVESTIMENTO DO ESTADO DE MINAS GERAIS","3","EXECUTIVO","2022","88900823,3"
"2023","1190","SECRETARIA DE ESTADO DE FAZENDA","4721","FEPREMG","FUNDO ESTADUAL DE PREVIDENCIA DO ESTADO DE MINAS GERAIS","3","EXECUTIVO","2023","1000"
"2024","1480","SECRETARIA DE ESTADO DE DESENVOLVIMENTO SOCIAL","4601","FEI","FUNDO ESTADUAL DOS DIREITOS DO IDOSO","3","EXECUTIVO","2024","4925964"
"2020","1540","ESCOLA DE SAUDE PUBLICA DO ESTADO DE MINAS GERAIS","1541","ESP MG","ESCOLA DE SAUDE PUBLICA DO ESTADO DE MINAS GERAIS","3","EXECUTIVO","2020","13068293,84"
"2021","1440","DEFENSORIA PUBLICA DO ESTADO DE MINAS GERAIS","1441","DEF PUB","DEFENSORIA PUBLICA DO ESTADO DE MINAS GERAIS","6","DEFENSORIA PUBLICA","2021","589626058"
"2022","1400","CORPO DE BOMBEIROS MILITAR DO ESTADO DE MINAS GERAIS","1401","CBMMG","CORPO DE BOMBEIROS MILITAR DO ESTADO DE MINAS GERAIS","3","EXECUTIVO","2022","1658423435,26"
"2022","1320","SECRETARIA DE ESTADO DE SAUDE","2261","FUNED","FUNDACAO EZEQUIEL DIAS","3","EXECUTIVO","2022","338054687,41"
"2023","1300","SECRETARIA DE ESTADO DE INFRAESTRUTURA, MOBILIDADE E PARCERIA","4631","FPP - MG","FUNDO DE PAGAMENTO DE PARCERIAS PUBLICO - PRIVADAS DE MINAS GERAIS","3","EXECUTIVO","2023","860722870,73"
"2023","1490","SECRETARIA DE ESTADO DE GOVERNO","1491","SEGOV","SECRETARIA DE ESTADO DE GOVERNO","3","EXECUTIVO","2023","637113969,49"
"2023","1630","GOVERNADORIA DO ESTADO","1631","SEC. GERAL","SECRETARIA-GERAL","3","EXECUTIVO","2023","67771402,12"
"2023","1370","SECRETARIA DE ESTADO DE MEIO AMBIENTE E DESENVOLVIMENTO SUSTENTAVEL","2091","FEAM","FUNDACAO ESTADUAL DO MEIO AMBIENTE","3","EXECUTIVO","2023","67886072,55"
"2023","1320","SECRETARIA DE ESTADO DE SAUDE","2261","FUNED","FUNDACAO EZEQUIEL DIAS","3","EXECUTIVO","2023","393178547,33"
"2023","1480","SECRETARIA DE ESTADO DE DESENVOLVIMENTO SOCIAL","2281","UTRAMIG","FUNDACAO DE EDUCACAO PARA O TRABALHO DE MINAS GERAIS","3","EXECUTIVO","2023","11829590"
"2023","1480","SECRETARIA DE ESTADO DE DESENVOLVIMENTO SOCIAL","4101","FEH","FUNDO ESTADUAL DE HABITACAO","3","EXECUTIVO","2023","18214595"
"2021","1480","SECRETARIA DE ESTADO DE DESENVOLVIMENTO SOCIAL","4251","FEAS","FUNDO ESTADUAL DE ASSISTENCIA SOCIAL","3","EXECUTIVO","2021","1160648825,06"
"2022","1220","SECRETARIA DE ESTADO DE DESENVOLVIMENTO ECONOMICO","2461","ARMVA","AGENCIA DE DESENVOLVIMENTO DA REGIAO METROPOLITANA DO VALE DO ACO","3","EXECUTIVO","2022","4618256,93"
"2023","1220","SECRETARIA DE ESTADO DE DESENVOLVIMENTO ECONOMICO","2071","FAPEMIG","FUNDACAO DE AMPARO A PESQUISA DO ESTADO DE MINAS GERAIS","3","EXECUTIVO","2023","498285851,9"
"2023","1270","SECRETARIA DE ESTADO DE CULTURA E TURISMO","2211","TV MINAS","FUNDACAO TV MINAS CULTURAL E EDUCATIVA","3","EXECUTIVO","2023","22361848,35"
"2024","1090","MINISTERIO PUBLICO DO ESTADO DE MINAS GERAIS","4451","FEPDC","FUNDO ESTADUAL DE PROTECAO E DEFESA DO CONSUMIDOR","4","MINISTERIO PUBLICO","2024","47000000"
"2024","1190","SECRETARIA DE ESTADO DE FAZENDA","4651","FECIDAT","FUNDO ESPECIAL DE CREDITOS INADIMPLIDOS E DIVIDA ATIVA","3","EXECUTIVO","2024","2000"
"2024","1510","POLICIA CIVIL DO ESTADO DE MINAS GERAIS","1511","PCMG","POLICIA CIVIL DO ESTADO DE MINAS GERAIS","3","EXECUTIVO","2024","3466571174,96"
"2022","1190","SECRETARIA DE ESTADO DE FAZENDA","1191","SEF","SECRETARIA DE ESTADO DE FAZENDA","3","EXECUTIVO","2022","1780395082,78"
"2022","1320","SECRETARIA DE ESTADO DE SAUDE","4291","FES","FUNDO ESTADUAL DE SAUDE","3","EXECUTIVO","2022","10900741984,39"
"2022","1910","ENCARGOS GERAIS DO ESTADO - SECRETARIA DE ESTADO DE FAZENDA","1917","IMOVEIS","GESTAO IMOBILIARIA","3","EXECUTIVO","2022","1000"
"2023","1090","MINISTERIO PUBLICO DO ESTADO DE MINAS GERAIS","1091","PGJ","PROCURADORIA GERAL DE JUSTICA","4","MINISTERIO PUBLICO","2023","3561883992"
"2023","1480","SECRETARIA DE ESTADO DE DESENVOLVIMENTO SOCIAL","4251","FEAS","FUNDO ESTADUAL DE ASSISTENCIA SOCIAL","3","EXECUTIVO","2023","112051158,66"
"2024","1490","SECRETARIA DE ESTADO DE GOVERNO","1491","SEGOV","SECRETARIA DE ESTADO DE GOVERNO","3","EXECUTIVO","2024","866107133,26"
"2020","1450","SECRETARIA DE ESTADO DE JUSTICA E SEGURANCA PUBLICA","4691","FESP-MG","FUNDO ESTADUAL DE SEGURANCA PUBLICA DE MINAS GERAIS","3","EXECUTIVO","2020","25796966"
"2020","1500","SECRETARIA DE ESTADO DE PLANEJAMENTO E GESTAO","4461","FUNFIP","FUNDO FINANCEIRO DE PREVIDENCIA","3","EXECUTIVO","2020","13989729996"
"2022","1910","ENCARGOS GERAIS DO ESTADO - SECRETARIA DE ESTADO DE FAZENDA","1911","EGE - SEF","EGE SEC.FAZENDA-ENCARGOS DIVERSOS","3","EXECUTIVO","2022","32761754620,59"
"2023","1230","SECRETARIA DE ESTADO DE AGRICULTURA, PECUARIA E ABASTECIMENTO","1231","SEAPA","SECRETARIA DE ESTADO DE AGRICULTURA, PECUARIA E ABASTECIMENTO - SEAPA","3","EXECUTIVO","2023","180228255,09"
"2023","1260","SECRETARIA DE ESTADO DE EDUCACAO","2351","UEMG","UNIVERSIDADE DO ESTADO DE MINAS GERAIS","3","EXECUTIVO","2023","429779637,73"
"2023","1230","SECRETARIA DE ESTADO DE AGRICULTURA, PECUARIA E ABASTECIMENTO","2371","IMA","INSTITUTO MINEIRO DE AGROPECUARIA","3","EXECUTIVO","2023","312857650,8"
"2020","1270","SECRETARIA DE ESTADO DE CULTURA E TURISMO","2211","TV MINAS","FUNDACAO TV MINAS CULTURAL E EDUCATIVA","3","EXECUTIVO","2020","29914312,13"
"2020","1320","SECRETARIA DE ESTADO DE SAUDE","2271","FHEMIG","FUNDACAO HOSPITALAR DO ESTADO DE MINAS GERAIS","3","EXECUTIVO","2020","1935947357,7"
"2022","1480","SECRETARIA DE ESTADO DE DESENVOLVIMENTO SOCIAL","4701","FET-MG","FUNDO ESTADUAL DO TRABALHO DE MINAS GERAIS","3","EXECUTIVO","2022","8265174,51"
"2022","1270","SECRETARIA DE ESTADO DE CULTURA E TURISMO","3151","EMC","EMPRESA MINEIRA DE COMUNICACAO","3","EXECUTIVO","2022","18648064,27"
"2023","1190","SECRETARIA DE ESTADO DE FAZENDA","1191","SEF","SECRETARIA DE ESTADO DE FAZENDA","3","EXECUTIVO","2023","1826375226,37"
"2023","1090","MINISTERIO PUBLICO DO ESTADO DE MINAS GERAIS","4451","FEPDC","FUNDO ESTADUAL DE PROTECAO E DEFESA DO CONSUMIDOR","4","MINISTERIO PUBLICO","2023","101500000"
"2023","1910","ENCARGOS GERAIS DO ESTADO - SECRETARIA DE ESTADO DE FAZENDA","1911","EGE - SEF","EGE SEC.FAZENDA-ENCARGOS DIVERSOS","3","EXECUTIVO","2023","956753022,47"
"2024","1230","SECRETARIA DE ESTADO DE AGRICULTURA, PECUARIA E ABASTECIMENTO","4171","FUNDERUR","FUNDO ESTADUAL DE DESENVOLVIMENTO RURAL","3","EXECUTIVO","2024","2000"
"2020","1090","MINISTERIO PUBLICO DO ESTADO DE MINAS GERAIS","4451","FEPDC","FUNDO ESTADUAL DE PROTECAO E DEFESA DO CONSUMIDOR","4","MINISTERIO PUBLICO","2020","107000000"
"2020","1270","SECRETARIA DE ESTADO DE CULTURA E TURISMO","4151","FASTUR","FUNDO DE ASSISTENCIA AO TURISMO","3","EXECUTIVO","2020","1000"
"2021","1940","ENCARGOS GERAIS DO ESTADO - SECRETARIA DE ESTADO DE PLANEJAMENTO E GESTAO","1941","EGE-SEPLAG","EGE-SECRETARIA DE ESTADO DE PLANEJAMENTO E GESTAO","3","EXECUTIVO","2021","250938067,92"
"2021","1270","SECRETARIA DE ESTADO DE CULTURA E TURISMO","2171","FAOP","FUNDACAO DE ARTE DE OURO PRETO","3","EXECUTIVO","2021","4658438"
"2021","1260","SECRETARIA DE ESTADO DE EDUCACAO","2351","UEMG","UNIVERSIDADE DO ESTADO DE MINAS GERAIS","3","EXECUTIVO","2021","353484506,79"
"2021","1220","SECRETARIA DE ESTADO DE DESENVOLVIMENTO ECONOMICO","2421","IDENE","INSTITUTO DE DESENVOLVIMENTO DO NORTE E NORDESTE DE MINAS GERAIS","3","EXECUTIVO","2021","59129136,72"
"2022","1910","ENCARGOS GERAIS DO ESTADO - SECRETARIA DE ESTADO DE FAZENDA","1915","PARTICIPAÇÃO EMPRESAS","PARTICIPACAO NO AUMENTO DO CAPITAL SOCIAL DE EMPRESAS","3","EXECUTIVO","2022","1045742480,33"
"2024","1300","SECRETARIA DE ESTADO DE INFRAESTRUTURA, MOBILIDADE E PARCERIA","2431","AGÊNCIA RMBH","AGENCIA DE DESENVOLVIMENTO DA REGIAO METROPOLITANA DE BELO HORIZONTE","3","EXECUTIVO","2024","6910128"
"2024","1270","SECRETARIA DE ESTADO DE CULTURA E TURISMO","2201","IEPHA","INSTITUTO ESTADUAL DO PATRIMONIO HISTORICO E ARTISTICO DE MINAS GERAIS","3","EXECUTIVO","2024","26086838"
"2020","1080","ADVOCACIA GERAL DO ESTADO","1081","AGE","ADVOCACIA GERAL DO ESTADO","3","EXECUTIVO","2020","1177627276,99"
"2020","1190","SECRETARIA DE ESTADO DE FAZENDA","4661","FAIMG","FUNDO DE ATIVOS IMOBILIARIOS DE MINAS GERAIS","3","EXECUTIVO","2020","1000"
"2020","1260","SECRETARIA DE ESTADO DE EDUCACAO","2311","UNIMONTES","UNIVERSIDADE ESTADUAL DE MONTES CLAROS","3","EXECUTIVO","2020","335502437,28"
"2021","1220","SECRETARIA DE ESTADO DE DESENVOLVIMENTO ECONOMICO","2071","FAPEMIG","FUNDACAO DE AMPARO A PESQUISA DO ESTADO DE MINAS GERAIS","3","EXECUTIVO","2021","444649570,68"
"2022","1030","TRIBUNAL DE JUSTICA DO ESTADO DE MINAS GERAIS","1031","TJMG","TRIBUNAL DE JUSTICA DO ESTADO DE MINAS GERAIS","2","JUDICIARIO","2022","7026790080"
"2023","1020","TRIBUNAL DE CONTAS DO ESTADO DE MINAS GERAIS","1021","TCEMG","TRIBUNAL DE CONTAS DO ESTADO DE MINAS GERAIS","5","TRIBUNAL DE CONTAS","2023","1093870817"
"2024","1050","TRIBUNAL DE JUSTICA MILITAR DO ESTADO DE MINAS GERAIS","1051","TJMMG","TRIBUNAL DE JUSTICA MILITAR DO ESTADO DE MINAS GERAIS","2","JUDICIARIO","2024","138215991"
"2020","1010","ASSEMBLEIA LEGISLATIVA DO ESTADO DE MINAS GERAIS","1011","ALMG","ASSEMBLEIA LEGISLATIVA DO ESTADO DE MINAS GERAIS","1","LEGISLATIVO","2020","1527641187,93"
"2021","1270","SECRETARIA DE ESTADO DE CULTURA E TURISMO","3151","EMC","EMPRESA MINEIRA DE COMUNICACAO","3","EXECUTIVO","2021","11663627,67"
"2023","1010","ASSEMBLEIA LEGISLATIVA DO ESTADO DE MINAS GERAIS","4121","FUNDHAB","FUNDO DE APOIO HABITACIONAL DA ASSEMBLEIA LEGISLATIVA DE MINAS GERAIS","1","LEGISLATIVO","2023","12000000"
"2024","1230","SECRETARIA DE ESTADO DE AGRICULTURA, PECUARIA E ABASTECIMENTO","2371","IMA","INSTITUTO MINEIRO DE AGROPECUARIA","3","EXECUTIVO","2024","316475233,38"
"2020","1500","SECRETARIA DE ESTADO DE PLANEJAMENTO E GESTAO","2061","FJP","FUNDACAO JOAO PINHEIRO","3","EXECUTIVO","2020","46068146,05"
"2020","1230","SECRETARIA DE ESTADO DE AGRICULTURA, PECUARIA E ABASTECIMENTO","3051","EPAMIG","EMPRESA DE PESQUISA AGROPECUARIA DE MINAS GERAIS","3","EXECUTIVO","2020","120035505,59"
"2021","1030","TRIBUNAL DE JUSTICA DO ESTADO DE MINAS GERAIS","1031","TJMG","TRIBUNAL DE JUSTICA DO ESTADO DE MINAS GERAIS","2","JUDICIARIO","2021","6666789080"
"2022","1090","MINISTERIO PUBLICO DO ESTADO DE MINAS GERAIS","4451","FEPDC","FUNDO ESTADUAL DE PROTECAO E DEFESA DO CONSUMIDOR","4","MINISTERIO PUBLICO","2022","76500000"
"2022","1300","SECRETARIA DE ESTADO DE INFRAESTRUTURA E MOBILIDADE","1301","SEINFRA","SECRETARIA DE ESTADO DE INFRAESTRUTURA E MOBILIDADE","3","EXECUTIVO","2022","830166911,42"
"2022","1300","SECRETARIA DE ESTADO DE INFRAESTRUTURA E MOBILIDADE","4631","FPP - MG","FUNDO DE PAGAMENTO DE PARCERIAS PUBLICO - PRIVADAS DE MINAS GERAIS","3","EXECUTIVO","2022","880304225,7"
"2022","1190","SECRETARIA DE ESTADO DE FAZENDA","2041","LEMG","LOTERIA DO ESTADO DE MINAS GERAIS","3","EXECUTIVO","2022","7649892"
"2022","1480","SECRETARIA DE ESTADO DE DESENVOLVIMENTO SOCIAL","2281","UTRAMIG","FUNDACAO DE EDUCACAO PARA O TRABALHO DE MINAS GERAIS","3","EXECUTIVO","2022","13066690"
"2022","1230","SECRETARIA DE ESTADO DE AGRICULTURA, PECUARIA E ABASTECIMENTO","2371","IMA","INSTITUTO MINEIRO DE AGROPECUARIA","3","EXECUTIVO","2022","293157977,4"
"2023","1260","SECRETARIA DE ESTADO DE EDUCACAO","2311","UNIMONTES","UNIVERSIDADE ESTADUAL DE MONTES CLAROS","3","EXECUTIVO","2023","555050851,02"
"2024","1010","ASSEMBLEIA LEGISLATIVA DO ESTADO DE MINAS GERAIS","2361","IPLEMG","INSTITUTO DE PREVIDENCIA DO LEGISLATIVO DO ESTADO DE MINAS GERAIS","1","LEGISLATIVO","2024","109514500"
"2021","1300","SECRETARIA DE ESTADO DE INFRAESTRUTURA E MOBILIDADE","2301","DER-MG","DEPARTAMENTO DE EDIFICACOES E ESTRADAS DE RODAGEM DO ESTADO DE MINAS GERAIS","3","EXECUTIVO","2021","2388317129,95"
"2022","1020","TRIBUNAL DE CONTAS DO ESTADO DE MINAS GERAIS","4611","FUNCONTAS","FUNDO DO TRIBUNAL DE CONTAS DO ESTADO DE MINAS GERAIS","5","TRIBUNAL DE CONTAS","2022","1651560"
"2022","1370","SECRETARIA DE ESTADO DE MEIO AMBIENTE E DESENVOLVIMENTO SUSTENTAVEL","4341","FHIDRO","FUNDO DE RECUPERACAO, PROTECAO E DESENVOLVIMENTO SUSTENTAVEL DAS BACIAS HIDROGRAFICAS DO ESTADO DE M","3","EXECUTIVO","2022","31117526"
"2022","1220","SECRETARIA DE ESTADO DE DESENVOLVIMENTO ECONOMICO","2431","AGÊNCIA RMBH","AGENCIA DE DESENVOLVIMENTO DA REGIAO METROPOLITANA DE BELO HORIZONTE","3","EXECUTIVO","2022","7279887,94"
"2024","1450","SECRETARIA DE ESTADO DE JUSTICA E SEGURANCA PUBLICA","4321","FUNPREN","FUNDO ESTADUAL DE PREVENCAO, FISCALIZACAO E REPRESSAO DE ENTORPECENTES","3","EXECUTIVO","2024","1000"
"2020","1090","MINISTERIO PUBLICO DO ESTADO DE MINAS GERAIS","1091","MPMG","PROCURADORIA GERAL DE JUSTICA","4","MINISTERIO PUBLICO","2020","2352179864"
"2020","1300","SECRETARIA DE ESTADO DE INFRAESTRUTURA E MOBILIDADE","2301","DER-MG","DEPARTAMENTO DE EDIFICACOES E ESTRADAS DE RODAGEM DO ESTADO DE MINAS GERAIS","3","EXECUTIVO","2020","843699317,92"
"2021","1450","SECRETARIA DE ESTADO DE JUSTICA E SEGURANCA PUBLICA","4321","FUNPREN","FUNDO ESTADUAL DE PREVENCAO, FISCALIZACAO E REPRESSAO DE ENTORPECENTES","3","EXECUTIVO","2021","1000"
"2023","1050","TRIBUNAL DE JUSTICA MILITAR DO ESTADO DE MINAS GERAIS","1051","TJMMG","TRIBUNAL DE JUSTICA MILITAR DO ESTADO DE MINAS GERAIS","2","JUDICIARIO","2023","106142000"
"2024","1720","SECRETARIA DE ESTADO DA CASA CIVIL","1951","EGE - CASA CIVIL","ENCARGOS GERAIS DO ESTADO - INSTRUMENTOS DE ENTRADA DE RECURSOS","3","EXECUTIVO","2024","127604560,68"
"2024","1270","SECRETARIA DE ESTADO DE CULTURA E TURISMO","4151","FASTUR","FUNDO DE ASSISTENCIA AO TURISMO","3","EXECUTIVO","2024","1000"
"2024","1250","POLICIA MILITAR DO ESTADO DE MINAS GERAIS","2121","IPSM","INSTITUTO DE PREVIDENCIA DOS SERVIDORES MILITARES DO ESTADO DE MINAS GERAIS","3","EXECUTIVO","2024","3032426095,04"
"2020","1070","GABINETE MILITAR DO GOVERNADOR DO ESTADO DE MINAS GERAIS","1071","GABINETE MILITAR","GABINETE MILITAR DO GOVERNADOR DO ESTADO DE MINAS GERAIS","3","EXECUTIVO","2020","33738173,04"
"2020","1480","SECRETARIA DE ESTADO DE DESENVOLVIMENTO SOCIAL","4421","FUNDIF","FUNDO ESTADUAL DE DEFESA DE DIREITOS DIFUSOS","3","EXECUTIVO","2020","4328497"
"2021","1510","POLICIA CIVIL DO ESTADO DE MINAS GERAIS","1511","PCMG","POLICIA CIVIL DO ESTADO DE MINAS GERAIS","3","EXECUTIVO","2021","3170936308,32"
"2022","1220","SECRETARIA DE ESTADO DE DESENVOLVIMENTO ECONOMICO","2331","IPEMMG","INSTITUTO DE METROLOGIA E QUALIDADE DO ESTADO DE MINAS GERAIS","3","EXECUTIVO","2022","38302077,49"
"2023","1220","SECRETARIA DE ESTADO DE DESENVOLVIMENTO ECONOMICO","2461","ARMVA","AGENCIA DE DESENVOLVIMENTO DA REGIAO METROPOLITANA DO VALE DO ACO","3","EXECUTIVO","2023","4390804,37"
"2023","1220","SECRETARIA DE ESTADO DE DESENVOLVIMENTO ECONOMICO","4111","FUNDESE","FUNDO DE FOMENTO E DESENVOLVIMENTO SOCIOECONOMICO DO ESTADO DE MINAS GERAIS","3","EXECUTIVO","2023","3000"
"2024","1220","SECRETARIA DE ESTADO DE DESENVOLVIMENTO ECONOMICO","4671","FIIMG","FUNDO DE INVESTIMENTOS IMOBILIARIOS DE MINAS GERAIS","3","EXECUTIVO","2024","1000"
"2024","1220","SECRETARIA DE ESTADO DE DESENVOLVIMENTO ECONOMICO","4111","FUNDESE","FUNDO DE FOMENTO E DESENVOLVIMENTO SOCIOECONOMICO DO ESTADO DE MINAS GERAIS","3","EXECUTIVO","2024","3000"
"2020","1370","SECRETARIA DE ESTADO DE MEIO AMBIENTE E DESENVOLVIMENTO SUSTENTAVEL","2241","IGAM","INSTITUTO MINEIRO DE GESTAO DAS AGUAS","3","EXECUTIVO","2020","190681474,84"
"2020","1300","SECRETARIA DE ESTADO DE INFRAESTRUTURA E MOBILIDADE","4381","FUNTRANS","FUNDO ESTADUAL DE DESENVOLVIMENTO DE TRANSPORTES","3","EXECUTIVO","2020","86313644"
"2021","1230","SECRETARIA DE ESTADO DE AGRICULTURA, PECUARIA E ABASTECIMENTO","1231","SEAPA","SECRETARIA DE ESTADO DE AGRICULTURA, PECUARIA E ABASTECIMENTO - SEAPA","3","EXECUTIVO","2021","109410341,33"
"2021","1260","SECRETARIA DE ESTADO DE EDUCACAO","1261","SEE","SECRETARIA DE ESTADO DE EDUCACAO","3","EXECUTIVO","2021","14957260327,43"
"2022","1030","TRIBUNAL DE JUSTICA DO ESTADO DE MINAS GERAIS","4031","FEPJ","FUNDO ESPECIAL DO PODER JUDICIARIO DO ESTADO DE MINAS GERAIS","2","JUDICIARIO","2022","1828974377,15"
"2022","1500","SECRETARIA DE ESTADO DE PLANEJAMENTO E GESTAO","2011","IPSEMG","INSTITUTO DE PREVIDENCIA DOS SERVIDORES DO ESTADO DE MINAS GERAIS","3","EXECUTIVO","2022","1572502823,43"
"2022","1190","SECRETARIA DE ESTADO DE FAZENDA","4721","FEPREMG","FUNDO ESTADUAL DE PREVIDENCIA DO ESTADO DE MINAS GERAIS","3","EXECUTIVO","2022","1000"
"2022","1500","SECRETARIA DE ESTADO DE PLANEJAMENTO E GESTAO","4551","FUNAPEC","FUNDO DE ASSISTENCIA AO PECULIO DOS SERVIDORES DO ESTADO DE MINAS GERAIS","3","EXECUTIVO","2022","162225360,6"
"2022","1260","SECRETARIA DE ESTADO DE EDUCACAO","2161","FUCAM","FUNDACAO EDUCACIONAL CAIO MARTINS","3","EXECUTIVO","2022","19925606"
"2023","1450","SECRETARIA DE ESTADO DE JUSTICA E SEGURANCA PUBLICA","4691","FESP-MG","FUNDO ESTADUAL DE SEGURANCA PUBLICA DE MINAS GERAIS","3","EXECUTIVO","2023","88791521,31"
"2023","1910","ENCARGOS GERAIS DO ESTADO - SECRETARIA DE ESTADO DE FAZENDA","1915","PARTICIPAÇÃO EMPRESAS","PARTICIPACAO NO AUMENTO DO CAPITAL SOCIAL DE EMPRESAS","3","EXECUTIVO","2023","609699458,33"
"2023","1940","ENCARGOS GERAIS DO ESTADO - SECRETARIA DE ESTADO DE PLANEJAMENTO E GESTAO","1941","EGE-SEPLAG","EGE-SECRETARIA DE ESTADO DE PLANEJAMENTO E GESTAO","3","EXECUTIVO","2023","298476857,61"
"2023","1520","CONTROLADORIA-GERAL DO ESTADO","1521","CGE","CONTROLADORIA-GERAL DO ESTADO","3","EXECUTIVO","2023","64354091,6"
"2024","1220","SECRETARIA DE ESTADO DE DESENVOLVIMENTO ECONOMICO","1221","SEDE","SECRETARIA DE ESTADO DE DESENVOLVIMENTO ECONOMICO","3","EXECUTIVO","2024","85331547"
"2024","1440","DEFENSORIA PUBLICA DO ESTADO DE MINAS GERAIS","1441","DEF PUB","DEFENSORIA PUBLICA DO ESTADO DE MINAS GERAIS","6","DEFENSORIA PUBLICA","2024","1033775969"
"2021","1190","SECRETARIA DE ESTADO DE FAZENDA","4671","FIIMG","FUNDO DE INVESTIMENTOS IMOBILIARIOS DE MINAS GERAIS","3","EXECUTIVO","2021","142926"
"2021","1910","ENCARGOS GERAIS DO ESTADO - SECRETARIA DE ESTADO DE FAZENDA","1916","GDPE - SEF","GESTAO DA DIVIDA PUBLICA ESTADUAL","3","EXECUTIVO","2021","11322049994,88"
"2021","1260","SECRETARIA DE ESTADO DE EDUCACAO","2161","FUCAM","FUNDACAO EDUCACIONAL CAIO MARTINS","3","EXECUTIVO","2021","11383980,48"
"2022","1270","SECRETARIA DE ESTADO DE CULTURA E TURISMO","1271","SECULT","SECRETARIA DE ESTADO DE CULTURA E TURISMO","3","EXECUTIVO","2022","80146771,54"
"2022","1220","SECRETARIA DE ESTADO DE DESENVOLVIMENTO ECONOMICO","2421","IDENE","INSTITUTO DE DESENVOLVIMENTO DO NORTE E NORDESTE DE MINAS GERAIS","3","EXECUTIVO","2022","140626064,52"
"2023","1220","SECRETARIA DE ESTADO DE DESENVOLVIMENTO ECONOMICO","4661","FAIMG","FUNDO DE ATIVOS IMOBILIARIOS DE MINAS GERAIS","3","EXECUTIVO","2023","1000"
"2023","1260","SECRETARIA DE ESTADO DE EDUCACAO","1261","SEE","SECRETARIA DE ESTADO DE EDUCACAO","3","EXECUTIVO","2023","18817114266,9"
"2023","1480","SECRETARIA DE ESTADO DE DESENVOLVIMENTO SOCIAL","4091","FIA","FUNDO PARA A INFANCIA E A ADOLESCENCIA","3","EXECUTIVO","2023","11872272,82"
"2020","1910","ENCARGOS GERAIS DO ESTADO - SECRETARIA DE ESTADO DE FAZENDA","1915","PARTICIPAÇÃO EMPRESAS","PARTICIPACAO NO AUMENTO DO CAPITAL SOCIAL DE EMPRESAS","3","EXECUTIVO","2020","216822946,61"
"2021","1500","SECRETARIA DE ESTADO DE PLANEJAMENTO E GESTAO","2011","IPSEMG","INSTITUTO DE PREVIDENCIA DOS SERVIDORES DO ESTADO DE MINAS GERAIS","3","EXECUTIVO","2021","1351305841"
"2022","1250","POLICIA MILITAR DO ESTADO DE MINAS GERAIS","1251","PMMG","POLICIA MILITAR DO ESTADO DE MINAS GERAIS","3","EXECUTIVO","2022","13200198363,79"
"2022","1230","SECRETARIA DE ESTADO DE AGRICULTURA, PECUARIA E ABASTECIMENTO","3051","EPAMIG","EMPRESA DE PESQUISA AGROPECUARIA DE MINAS GERAIS","3","EXECUTIVO","2022","141096518,53"
"2022","1010","ASSEMBLEIA LEGISLATIVA DO ESTADO DE MINAS GERAIS","2361","IPLEMG","INSTITUTO DE PREVIDENCIA DO LEGISLATIVO DO ESTADO DE MINAS GERAIS","1","LEGISLATIVO","2022","109191750"
"2023","1250","POLICIA MILITAR DO ESTADO DE MINAS GERAIS","4541","FAHMEMG","FUNDO DE APOIO HABITACIONAL AOS MILITARES DO ESTADO DE MINAS GERAIS","3","EXECUTIVO","2023","32458600"
"2024","1480","SECRETARIA DE ESTADO DE DESENVOLVIMENTO SOCIAL","4251","FEAS","FUNDO ESTADUAL DE ASSISTENCIA SOCIAL","3","EXECUTIVO","2024","110378590,06"
"2024","1230","SECRETARIA DE ESTADO DE AGRICULTURA, PECUARIA E ABASTECIMENTO","3041","EMATER","EMPRESA DE ASSISTENCIA TECNICA E EXTENSAO RURAL DO ESTADO DE MINAS GERAIS","3","EXECUTIVO","2024","361387011,51"
"2024","1320","SECRETARIA DE ESTADO DE SAUDE","2271","FHEMIG","FUNDACAO HOSPITALAR DO ESTADO DE MINAS GERAIS","3","EXECUTIVO","2024","2220068874,58"
"2020","1250","POLICIA MILITAR DO ESTADO DE MINAS GERAIS","1251","PMMG","POLICIA MILITAR DO ESTADO DE MINAS GERAIS","3","EXECUTIVO","2020","11346243309,61"
"2020","1940","ENCARGOS GERAIS DO ESTADO - SECRETARIA DE ESTADO DE PLANEJAMENTO E GESTAO","1941","EGE-SEPLAG","EGE-SECRETARIA DE ESTADO DE PLANEJAMENTO E GESTAO","3","EXECUTIVO","2020","217814035,91"
"2020","1220","SECRETARIA DE ESTADO DE DESENVOLVIMENTO ECONOMICO","4111","FUNDESE","FUNDO DE FOMENTO E DESENVOLVIMENTO SOCIOECONOMICO DO ESTADO DE MINAS GERAIS","3","EXECUTIVO","2020","3000"
"2021","1220","SECRETARIA DE ESTADO DE DESENVOLVIMENTO ECONOMICO","2431","AGÊNCIA RMBH","AGENCIA DE DESENVOLVIMENTO DA REGIAO METROPOLITANA DE BELO HORIZONTE","3","EXECUTIVO","2021","10906065"
"2023","1010","ASSEMBLEIA LEGISLATIVA DO ESTADO DE MINAS GERAIS","1011","ALMG","ASSEMBLEIA LEGISLATIVA DO ESTADO DE MINAS GERAIS","1","LEGISLATIVO","2023","1907280456"
"2023","1080","ADVOCACIA GERAL DO ESTADO","1081","AGE","ADVOCACIA GERAL DO ESTADO","3","EXECUTIVO","2023","1251979109,02"
"2023","1500","SECRETARIA DE ESTADO DE PLANEJAMENTO E GESTAO","2011","IPSEMG","INSTITUTO DE PREVIDENCIA DOS SERVIDORES DO ESTADO DE MINAS GERAIS","3","EXECUTIVO","2023","1629348973,79"
"2023","1370","SECRETARIA DE ESTADO DE MEIO AMBIENTE E DESENVOLVIMENTO SUSTENTAVEL","2241","IGAM","INSTITUTO MINEIRO DE GESTAO DAS AGUAS","3","EXECUTIVO","2023","181846488,06"
"2024","1480","SECRETARIA DE ESTADO DE DESENVOLVIMENTO SOCIAL","1481","SEDESE","SECRETARIA DE ESTADO DE DESENVOLVIMENTO SOCIAL","3","EXECUTIVO","2024","337239919,47"
"2020","1190","SECRETARIA DE ESTADO DE FAZENDA","4651","FECIDAT","FUNDO ESPECIAL DE CREDITOS INADIMPLIDOS E DIVIDA ATIVA","3","EXECUTIVO","2020","2000"
"2020","1220","SECRETARIA DE ESTADO DE DESENVOLVIMENTO ECONOMICO","4331","FDM","FUNDO DE DESENVOLVIMENTO METROPOLITANO","3","EXECUTIVO","2020","7144800"
"2021","1480","SECRETARIA DE ESTADO DE DESENVOLVIMENTO SOCIAL","4421","FUNDIF","FUNDO ESTADUAL DE DEFESA DE DIREITOS DIFUSOS","3","EXECUTIVO","2021","5273807"
"2022","1270","SECRETARIA DE ESTADO DE CULTURA E TURISMO","4151","FASTUR","FUNDO DE ASSISTENCIA AO TURISMO","3","EXECUTIVO","2022","1000"
"2024","1270","SECRETARIA DE ESTADO DE CULTURA E TURISMO","2171","FAOP","FUNDACAO DE ARTE DE OURO PRETO","3","EXECUTIVO","2024","11733795"
"2020","1500","SECRETARIA DE ESTADO DE PLANEJAMENTO E GESTAO","2011","IPSEMG","INSTITUTO DE PREVIDENCIA DOS SERVIDORES DO ESTADO DE MINAS GERAIS","3","EXECUTIVO","2020","1261339329"
"2021","1020","TRIBUNAL DE CONTAS DO ESTADO DE MINAS GERAIS","1021","TCEMG","TRIBUNAL DE CONTAS DO ESTADO DE MINAS GERAIS","5","TRIBUNAL DE CONTAS","2021","914922859"
"2021","1450","SECRETARIA DE ESTADO DE JUSTICA E SEGURANCA PUBLICA","4691","FESP-MG","FUNDO ESTADUAL DE SEGURANCA PUBLICA DE MINAS GERAIS","3","EXECUTIVO","2021","21175376,25"
"2021","1370","SECRETARIA DE ESTADO DE MEIO AMBIENTE E DESENVOLVIMENTO SUSTENTAVEL","2091","FEAM","FUNDACAO ESTADUAL DO MEIO AMBIENTE","3","EXECUTIVO","2021","68111482,58"
"2022","1010","ASSEMBLEIA LEGISLATIVA DO ESTADO DE MINAS GERAIS","4121","FUNDHAB","FUNDO DE APOIO HABITACIONAL DA ASSEMBLEIA LEGISLATIVA DE MINAS GERAIS","1","LEGISLATIVO","2022","6300000"
"2021","1230","SECRETARIA DE ESTADO DE AGRICULTURA, PECUARIA E ABASTECIMENTO","3041","EMATER","EMPRESA DE ASSISTENCIA TECNICA E EXTENSAO RURAL DO ESTADO DE MINAS GERAIS","3","EXECUTIVO","2021","330529308,27"
"2024","1450","SECRETARIA DE ESTADO DE JUSTICA E SEGURANCA PUBLICA","4691","FESP-MG","FUNDO ESTADUAL DE SEGURANCA PUBLICA DE MINAS GERAIS","3","EXECUTIVO","2024","76371594,78"
